let_mev_cm2_mg,differential_flux_cm2_s_per_mev_cm2_mg,aps28_global_well_sram_sigma_cm2_per_bit,kintex7_blockram_sigma_cm2_per_bit,kintex7_configuration_sram_sigma_cm2_per_bit,pointwise_low_sigma_cm2_per_bit,pointwise_median_sigma_cm2_per_bit,pointwise_high_sigma_cm2_per_bit
0.001609,0.0,0.0,0.0,0.0,0.0,0.0,0.0
0.001627,0.0,0.0,0.0,0.0,0.0,0.0,0.0
0.0016452,0.0,0.0,0.0,0.0,0.0,0.0,0.0
0.0016635999999999999,4562.721019871204,0.0,0.0,0.0,0.0,0.0,0.0
0.0016822999999999999,4338.059688301705,0.0,0.0,0.0,0.0,0.0,0.0
0.0017011,2959.16988382655,0.0,0.0,0.0,0.0,0.0,0.0
0.0017201999999999999,9011.955790662958,0.0,0.0,0.0,0.0,0.0,0.0
0.0017394,585.8090045529461,0.0,0.0,0.0,0.0,0.0,0.0
0.0017588999999999999,346.74671426950357,0.0,0.0,0.0,0.0,0.0,0.0
0.0017786,345.55925281495036,0.0,0.0,0.0,0.0,0.0,0.0
0.0017985,305.59997943824004,0.0,0.0,0.0,0.0,0.0,0.0
0.0018187,202.40240645159813,0.0,0.0,0.0,0.0,0.0,0.0
0.001839,202.40240645159813,0.0,0.0,0.0,0.0,0.0,0.0
0.0018595999999999999,195.4051503636939,0.0,0.0,0.0,0.0,0.0,0.0
0.0018805,194.56834866753223,0.0,0.0,0.0,0.0,0.0,0.0
0.0019015,152.0269443426659,0.0,0.0,0.0,0.0,0.0,0.0
0.0019228000000000001,120.26832758833986,0.0,0.0,0.0,0.0,0.0,0.0
0.0019444,120.26832758833986,0.0,0.0,0.0,0.0,0.0,0.0
0.0019661,102.249197730992,0.0,0.0,0.0,0.0,0.0,0.0
0.0019882,82.68397712073593,0.0,0.0,0.0,0.0,0.0,0.0
0.0020104000000000003,82.68397712073593,0.0,0.0,0.0,0.0,0.0,0.0
0.002033,82.68397712073593,0.0,0.0,0.0,0.0,0.0,0.0
0.0020556999999999997,59.36430623370119,0.0,0.0,0.0,0.0,0.0,0.0
0.0020788,56.47853581293796,0.0,0.0,0.0,0.0,0.0,0.0
0.0021019999999999997,56.47853581293796,0.0,0.0,0.0,0.0,0.0,0.0
0.0021256,56.47853581293796,0.0,0.0,0.0,0.0,0.0,0.0
0.0021494,52.57425818484654,0.0,0.0,0.0,0.0,0.0,0.0
0.0021735,44.58001264751544,0.0,0.0,0.0,0.0,0.0,0.0
0.0021978,44.58001264751544,0.0,0.0,0.0,0.0,0.0,0.0
0.0022224,42.570094668734754,0.0,0.0,0.0,0.0,0.0,0.0
0.0022473000000000003,35.99841201487848,0.0,0.0,0.0,0.0,0.0,0.0
0.0022724999999999998,35.99841201487848,0.0,0.0,0.0,0.0,0.0,0.0
0.0022979,35.99841201487848,0.0,0.0,0.0,0.0,0.0,0.0
0.0023237,35.99841201487848,0.0,0.0,0.0,0.0,0.0,0.0
0.0023496999999999997,42.75737885787569,0.0,0.0,0.0,0.0,0.0,0.0
0.002376,45.67104266851098,0.0,0.0,0.0,0.0,0.0,0.0
0.0024026,45.67104266851098,0.0,0.0,0.0,0.0,0.0,0.0
0.0024295,45.67104266851098,0.0,0.0,0.0,0.0,0.0,0.0
0.0024568,39.23803001001863,0.0,0.0,0.0,0.0,0.0,0.0
0.0024843,28.80351133588085,0.0,0.0,0.0,0.0,0.0,0.0
0.0025121,28.80351133588085,0.0,0.0,0.0,0.0,0.0,0.0
0.0025402,28.80351133588085,0.0,0.0,0.0,0.0,0.0,0.0
0.0025687,28.80351133588085,0.0,0.0,0.0,0.0,0.0,0.0
0.0025975,28.80351133588085,0.0,0.0,0.0,0.0,0.0,0.0
0.0026265,28.80351133588085,0.0,0.0,0.0,0.0,0.0,0.0
0.002656,29.5343181505287,0.0,0.0,0.0,0.0,0.0,0.0
0.0026857,30.09457680995885,0.0,0.0,0.0,0.0,0.0,0.0
0.0027158000000000004,30.09457680995885,0.0,0.0,0.0,0.0,0.0,0.0
0.0027462,30.09457680995885,0.0,0.0,0.0,0.0,0.0,0.0
0.002777,636.5670045801236,0.0,0.0,0.0,0.0,0.0,0.0
0.0028081,881.2717291576848,0.0,0.0,0.0,0.0,0.0,0.0
0.0028395,881.2717291576848,0.0,0.0,0.0,0.0,0.0,0.0
0.0028713000000000002,881.2717291576848,0.0,0.0,0.0,0.0,0.0,0.0
0.0029035000000000003,881.2717291576848,0.0,0.0,0.0,0.0,0.0,0.0
0.002936,881.2717291576848,0.0,0.0,0.0,0.0,0.0,0.0
0.0029689,1191.2071383360385,0.0,0.0,0.0,0.0,0.0,0.0
0.0030022,1667.7059327503807,0.0,0.0,0.0,0.0,0.0,0.0
0.0030358,1667.7059327503807,0.0,0.0,0.0,0.0,0.0,0.0
0.0030697999999999997,1667.7059327503807,0.0,0.0,0.0,0.0,0.0,0.0
0.0031042,1667.7059327503807,0.0,0.0,0.0,0.0,0.0,0.0
0.0031389,1667.7059327503807,0.0,0.0,0.0,0.0,0.0,0.0
0.0031741,1568.7242464044011,0.0,0.0,0.0,0.0,0.0,0.0
0.0032096,1560.9140972402254,0.0,0.0,0.0,0.0,0.0,0.0
0.0032456,1560.9140972402254,0.0,0.0,0.0,0.0,0.0,0.0
0.0032819,1560.9140972402254,0.0,0.0,0.0,0.0,0.0,0.0
0.0033187000000000004,1560.9140972402254,0.0,0.0,0.0,0.0,0.0,0.0
0.0033559,1560.9140972402254,0.0,0.0,0.0,0.0,0.0,0.0
0.0033935,1560.9140972402254,0.0,0.0,0.0,0.0,0.0,0.0
0.0034315,1769.4769580835662,0.0,0.0,0.0,0.0,0.0,0.0
0.0034699,2093.119975999044,0.0,0.0,0.0,0.0,0.0,0.0
0.0035088,2093.119975999044,0.0,0.0,0.0,0.0,0.0,0.0
0.0035480999999999998,2093.119975999044,0.0,0.0,0.0,0.0,0.0,0.0
0.0035878,2093.119975999044,0.0,0.0,0.0,0.0,0.0,0.0
0.003628,1764.057670908424,0.0,0.0,0.0,0.0,0.0,0.0
0.0036686,1621.482600962403,0.0,0.0,0.0,0.0,0.0,0.0
0.0037097000000000002,1621.482600962403,0.0,0.0,0.0,0.0,0.0,0.0
0.0037513,1621.482600962403,0.0,0.0,0.0,0.0,0.0,0.0
0.0037933,1621.482600962403,0.0,0.0,0.0,0.0,0.0,0.0
0.0038358,1621.482600962403,0.0,0.0,0.0,0.0,0.0,0.0
0.0038786999999999997,1621.482600962403,0.0,0.0,0.0,0.0,0.0,0.0
0.0039222,1844.1515475410404,0.0,0.0,0.0,0.0,0.0,0.0
0.0039661,2055.344356572318,0.0,0.0,0.0,0.0,0.0,0.0
0.0040105,2055.344356572318,0.0,0.0,0.0,0.0,0.0,0.0
0.0040554,2055.344356572318,0.0,0.0,0.0,0.0,0.0,0.0
0.0041009,2055.344356572318,0.0,0.0,0.0,0.0,0.0,0.0
0.0041468,2055.344356572318,0.0,0.0,0.0,0.0,0.0,0.0
0.0041933,2055.344356572318,0.0,0.0,0.0,0.0,0.0,0.0
0.0042401999999999995,2002.5860020143157,0.0,0.0,0.0,0.0,0.0,0.0
0.0042877,1994.05859425343,0.0,0.0,0.0,0.0,0.0,0.0
0.0043357000000000005,1994.05859425343,0.0,0.0,0.0,0.0,0.0,0.0
0.0043843,1994.05859425343,0.0,0.0,0.0,0.0,0.0,0.0
0.0044334,1994.05859425343,0.0,0.0,0.0,0.0,0.0,0.0
0.0044831,1994.05859425343,0.0,0.0,0.0,0.0,0.0,0.0
0.0045333,1994.05859425343,0.0,0.0,0.0,0.0,0.0,0.0
0.0045839999999999995,1994.05859425343,0.0,0.0,0.0,0.0,0.0,0.0
0.0046354,2003.4626514102945,0.0,0.0,0.0,0.0,0.0,0.0
0.004687299999999999,2005.4550364011554,0.0,0.0,0.0,0.0,0.0,0.0
0.0047398,2005.4550364011554,0.0,0.0,0.0,0.0,0.0,0.0
0.0047929,2005.4550364011554,0.0,0.0,0.0,0.0,0.0,0.0
0.0048465999999999995,2005.4550364011554,0.0,0.0,0.0,0.0,0.0,0.0
0.0049009,2005.4550364011554,0.0,0.0,0.0,0.0,0.0,0.0
0.0049558,2005.4550364011554,0.0,0.0,0.0,0.0,0.0,0.0
0.005011300000000001,2005.4550364011554,0.0,0.0,0.0,0.0,0.0,0.0
0.0050674000000000005,2005.4550364011554,0.0,0.0,0.0,0.0,0.0,0.0
0.0051241,1675.7551681134596,0.0,0.0,0.0,0.0,0.0,0.0
0.0051814999999999995,1584.3445447327522,0.0,0.0,0.0,0.0,0.0,0.0
0.0052396000000000005,1584.3445447327522,0.0,0.0,0.0,0.0,0.0,0.0
0.005298300000000001,1584.3445447327522,0.0,0.0,0.0,0.0,0.0,0.0
0.0053576,1584.3445447327522,0.0,0.0,0.0,0.0,0.0,0.0
0.0054176,1584.3445447327522,0.0,0.0,0.0,0.0,0.0,0.0
0.0054783,1713.9292645383584,0.0,0.0,0.0,0.0,0.0,0.0
0.0055397,1771.230256875524,0.0,0.0,0.0,0.0,0.0,0.0
0.0056017,1771.230256875524,0.0,0.0,0.0,0.0,0.0,0.0
0.0056644,1771.230256875524,0.0,0.0,0.0,0.0,0.0,0.0
0.0057279,1771.230256875524,0.0,0.0,0.0,0.0,0.0,0.0
0.005791999999999999,1771.230256875524,0.0,0.0,0.0,0.0,0.0,0.0
0.005856900000000001,1353.2278857928638,0.0,0.0,0.0,0.0,0.0,0.0
0.005922500000000001,1348.6852480137004,0.0,0.0,0.0,0.0,0.0,0.0
0.0059889,1348.6852480137004,0.0,0.0,0.0,0.0,0.0,0.0
0.0060559,1348.6852480137004,0.0,0.0,0.0,0.0,0.0,0.0
0.0061238,1348.6852480137004,0.0,0.0,0.0,0.0,0.0,0.0
0.0061923,1348.6852480137004,0.0,0.0,0.0,0.0,0.0,0.0
0.0062617,1348.6852480137004,0.0,0.0,0.0,0.0,0.0,0.0
0.0063318,1383.0339652561458,0.0,0.0,0.0,0.0,0.0,0.0
0.0064028,1475.64001963137,0.0,0.0,0.0,0.0,0.0,0.0
0.0064745,1475.64001963137,0.0,0.0,0.0,0.0,0.0,0.0
0.006547,1475.64001963137,0.0,0.0,0.0,0.0,0.0,0.0
0.0066203,1475.64001963137,0.0,0.0,0.0,0.0,0.0,0.0
0.0066945,1721.181545905093,0.0,0.0,0.0,0.0,0.0,0.0
0.0067694999999999995,1599.1678890647586,0.0,0.0,0.0,0.0,0.0,0.0
0.0068453,1508.793305879299,0.0,0.0,0.0,0.0,0.0,0.0
0.0069219,1375.6222930901424,0.0,0.0,0.0,0.0,0.0,0.0
0.0069995000000000005,1168.4142540405876,0.0,0.0,0.0,0.0,0.0,0.0
0.0070779,1164.0310070606931,0.0,0.0,0.0,0.0,0.0,0.0
0.0071571,1164.5091794584998,0.0,0.0,0.0,0.0,0.0,0.0
0.0072373,1158.7711106848199,0.0,0.0,0.0,0.0,0.0,0.0
0.007318399999999999,1157.017811892862,0.0,0.0,0.0,0.0,0.0,0.0
0.007400299999999999,1157.0975072924964,0.0,0.0,0.0,0.0,0.0,0.0
0.0074832,1157.2568980917654,0.0,0.0,0.0,0.0,0.0,0.0
0.007567,973.0011341369302,0.0,0.0,0.0,0.0,0.0,0.0
0.007651799999999999,968.299105558498,0.0,0.0,0.0,0.0,0.0,0.0
0.0077375,968.299105558498,0.0,0.0,0.0,0.0,0.0,0.0
0.0078242,968.299105558498,0.0,0.0,0.0,0.0,0.0,0.0
0.0079118,966.54580676654,0.0,0.0,0.0,0.0,0.0,0.0
0.008000400000000001,966.3864159672712,0.0,0.0,0.0,0.0,0.0,0.0
0.00809,966.3864159672712,0.0,0.0,0.0,0.0,0.0,0.0
0.0081806,965.9082435694646,0.0,0.0,0.0,0.0,0.0,0.0
0.0082723,865.5717354296993,0.0,0.0,0.0,0.0,0.0,0.0
0.0083649,803.648409913736,0.0,0.0,0.0,0.0,0.0,0.0
0.0084586,803.648409913736,0.0,0.0,0.0,0.0,0.0,0.0
0.0085534,803.648409913736,0.0,0.0,0.0,0.0,0.0,0.0
0.008649200000000001,803.1702375159293,0.0,0.0,0.0,0.0,0.0,0.0
0.008746,803.090542116295,0.0,0.0,0.0,0.0,0.0,0.0
0.008844,803.090542116295,0.0,0.0,0.0,0.0,0.0,0.0
0.008943,802.0545019210471,0.0,0.0,0.0,0.0,0.0,0.0
0.009043200000000001,801.6560249228748,0.0,0.0,0.0,0.0,0.0,0.0
0.009144500000000002,799.7433353316483,0.0,0.0,0.0,0.0,0.0,0.0
0.0092469,742.912545852326,0.0,0.0,0.0,0.0,0.0,0.0
0.0093505,742.9045763123626,0.0,0.0,0.0,0.0,0.0,0.0
0.0094552,742.8487895326185,0.0,0.0,0.0,0.0,0.0,0.0
0.0095611,742.8487895326185,0.0,0.0,0.0,0.0,0.0,0.0
0.0096682,742.8487895326185,0.0,0.0,0.0,0.0,0.0,0.0
0.0097765,742.8487895326185,0.0,0.0,0.0,0.0,0.0,0.0
0.009885999999999999,525.1767445110609,0.0,0.0,0.0,0.0,0.0,0.0
0.0099967,510.1940093797853,0.0,0.0,0.0,0.0,0.0,0.0
0.010109,510.1940093797853,0.0,0.0,0.0,0.0,0.0,0.0
0.010222,510.1940093797853,0.0,0.0,0.0,0.0,0.0,0.0
0.010336,510.1940093797853,0.0,0.0,0.0,0.0,0.0,0.0
0.010452,510.1940093797853,0.0,0.0,0.0,0.0,0.0,0.0
0.010569,510.1860398398219,0.0,0.0,0.0,0.0,0.0,0.0
0.010688000000000001,510.13025306007773,0.0,0.0,0.0,0.0,0.0,0.0
0.010807,500.6704091234692,0.0,0.0,0.0,0.0,0.0,0.0
0.010928,497.95279599593465,0.0,0.0,0.0,0.0,0.0,0.0
0.011051,497.8890396762271,0.0,0.0,0.0,0.0,0.0,0.0
0.011175000000000001,497.58619715761625,0.0,0.0,0.0,0.0,0.0,0.0
0.011300000000000001,497.58619715761625,0.0,0.0,0.0,0.0,0.0,0.0
0.011426,497.58619715761625,0.0,0.0,0.0,0.0,0.0,0.0
0.011554,497.58619715761625,0.0,0.0,0.0,0.0,0.0,0.0
0.011684,441.1060674366856,0.0,0.0,0.0,0.0,0.0,0.0
0.011814999999999999,307.92708510756574,0.0,0.0,0.0,0.0,0.0,0.0
0.011947,307.7198770685162,0.0,0.0,0.0,0.0,0.0,0.0
0.012081,307.680029368699,0.0,0.0,0.0,0.0,0.0,0.0
0.012216,307.680029368699,0.0,0.0,0.0,0.0,0.0,0.0
0.012353,307.680029368699,0.0,0.0,0.0,0.0,0.0,0.0
0.012491,307.680029368699,0.0,0.0,0.0,0.0,0.0,0.0
0.012631,307.5843948891376,0.0,0.0,0.0,0.0,0.0,0.0
0.012773,307.4090650099419,0.0,0.0,0.0,0.0,0.0,0.0
0.012916,307.4090650099419,0.0,0.0,0.0,0.0,0.0,0.0
0.01306,307.4090650099419,0.0,0.0,0.0,0.0,0.0,0.0
0.013207,304.5639392429922,0.0,0.0,0.0,0.0,0.0,0.0
0.013354,302.76282321125376,0.0,0.0,0.0,0.0,0.0,0.0
0.013504,302.76282321125376,0.0,0.0,0.0,0.0,0.0,0.0
0.013654999999999999,302.76282321125376,0.0,0.0,0.0,0.0,0.0,0.0
0.013807999999999999,302.7309450514,0.0,0.0,0.0,0.0,0.0,0.0
0.013963,302.7229755114366,0.0,0.0,0.0,0.0,0.0,0.0
0.014119,251.36725998700066,0.0,0.0,0.0,0.0,0.0,0.0
0.014277,235.38833236029458,0.0,0.0,0.0,0.0,0.0,0.0
0.014437,235.36442374040428,0.0,0.0,0.0,0.0,0.0,0.0
0.014599,235.20503294113539,0.0,0.0,0.0,0.0,0.0,0.0
0.014763,235.20503294113539,0.0,0.0,0.0,0.0,0.0,0.0
0.014928,235.34848466047734,0.0,0.0,0.0,0.0,0.0,0.0
0.015095,235.6592967190517,0.0,0.0,0.0,0.0,0.0,0.0
0.015264,235.45208868000213,0.0,0.0,0.0,0.0,0.0,0.0
0.015435,235.78680935846683,0.0,0.0,0.0,0.0,0.0,0.0
0.015608,205.02438509957133,0.0,0.0,0.0,0.0,0.0,0.0
0.015783,191.7630706003998,0.0,0.0,0.0,0.0,0.0,0.0
0.015960000000000002,191.7630706003998,0.0,0.0,0.0,0.0,0.0,0.0
0.016138000000000003,191.7630706003998,0.0,0.0,0.0,0.0,0.0,0.0
0.016319,191.74713152047292,0.0,0.0,0.0,0.0,0.0,0.0
0.016502,191.74713152047292,0.0,0.0,0.0,0.0,0.0,0.0
0.016687,191.74713152047292,0.0,0.0,0.0,0.0,0.0,0.0
0.016874,179.86454743497725,0.0,0.0,0.0,0.0,0.0,0.0
0.017063,132.45375419244638,0.0,0.0,0.0,0.0,0.0,0.0
0.017254000000000002,132.44578465248293,0.0,0.0,0.0,0.0,0.0,0.0
0.017447,132.44578465248293,0.0,0.0,0.0,0.0,0.0,0.0
0.017641999999999998,132.44578465248293,0.0,0.0,0.0,0.0,0.0,0.0
0.017839999999999998,132.44578465248293,0.0,0.0,0.0,0.0,0.0,0.0
0.01804,132.44578465248293,0.0,0.0,0.0,0.0,0.0,0.0
0.018242,132.44578465248293,0.0,0.0,0.0,0.0,0.0,0.0
0.018446,132.4378151125195,0.0,0.0,0.0,0.0,0.0,0.0
0.018653,132.4059369526657,0.0,0.0,0.0,0.0,0.0,0.0
0.018861999999999997,131.95167317474937,0.0,0.0,0.0,0.0,0.0,0.0
0.019073,131.31410997767384,0.0,0.0,0.0,0.0,0.0,0.0
0.019287,131.31410997767384,0.0,0.0,0.0,0.0,0.0,0.0
0.019503,131.31410997767384,0.0,0.0,0.0,0.0,0.0,0.0
0.019721,131.31410997767384,0.0,0.0,0.0,0.0,0.0,0.0
0.019942,131.31410997767384,0.0,0.0,0.0,0.0,0.0,0.0
0.020165,109.93980379571587,0.0,0.0,0.0,0.0,0.0,0.0
0.020391,82.15001794318515,0.0,0.0,0.0,0.0,0.0,0.0
0.02062,82.11813978333139,0.0,0.0,0.0,0.0,0.0,0.0
0.020850999999999998,82.11813978333139,0.0,0.0,0.0,0.0,0.0,0.0
0.021084,82.11813978333139,0.0,0.0,0.0,0.0,0.0,0.0
0.02132,82.11813978333139,0.0,0.0,0.0,0.0,0.0,0.0
0.021559000000000002,82.11813978333139,0.0,0.0,0.0,0.0,0.0,0.0
0.021800999999999997,82.11813978333139,0.0,0.0,0.0,0.0,0.0,0.0
0.022045000000000002,82.11813978333139,0.0,0.0,0.0,0.0,0.0,0.0
0.022292000000000003,79.83885135378627,0.0,0.0,0.0,0.0,0.0,0.0
0.022541000000000002,79.28815614231226,0.0,0.0,0.0,0.0,0.0,0.0
0.022794000000000002,79.28815614231226,0.0,0.0,0.0,0.0,0.0,0.0
0.023049,79.28815614231226,0.0,0.0,0.0,0.0,0.0,0.0
0.023306999999999998,79.28178051034149,0.0,0.0,0.0,0.0,0.0,0.0
0.023568000000000002,79.26823229240365,0.0,0.0,0.0,0.0,0.0,0.0
0.023832,79.26823229240365,0.0,0.0,0.0,0.0,0.0,0.0
0.024099,79.26823229240365,0.0,0.0,0.0,0.0,0.0,0.0
0.024369,60.70717371754158,0.0,0.0,0.0,0.0,0.0,0.0
0.024642,59.34199152180355,0.0,0.0,0.0,0.0,0.0,0.0
0.024918,59.34199152180355,0.0,0.0,0.0,0.0,0.0,0.0
0.025197,59.3411945678072,0.0,0.0,0.0,0.0,0.0,0.0
0.025478999999999998,59.343585429796235,0.0,0.0,0.0,0.0,0.0,0.0
0.025765,59.462331575251554,0.0,0.0,0.0,0.0,0.0,0.0
0.026053,59.46073766725887,0.0,0.0,0.0,0.0,0.0,0.0
0.026345,59.42328082943068,0.0,0.0,0.0,0.0,0.0,0.0
0.02664,59.52529094096276,0.0,0.0,0.0,0.0,0.0,0.0
0.026939,49.27008691600248,0.0,0.0,0.0,0.0,0.0,0.0
0.027239999999999997,45.91012886741431,0.0,0.0,0.0,0.0,0.0,0.0
0.027545,45.905347143436245,0.0,0.0,0.0,0.0,0.0,0.0
0.027854,45.90136237345452,0.0,0.0,0.0,0.0,0.0,0.0
0.028166,45.89498674148377,0.0,0.0,0.0,0.0,0.0,0.0
0.028481000000000003,45.89498674148377,0.0,0.0,0.0,0.0,0.0,0.0
0.0288,45.89498674148377,0.0,0.0,0.0,0.0,0.0,0.0
0.029123,45.89498674148377,0.0,0.0,0.0,0.0,0.0,0.0
0.029449000000000003,45.89418978748742,0.0,0.0,0.0,0.0,0.0,0.0
0.029779,45.89179892549839,0.0,0.0,0.0,0.0,0.0,0.0
0.030113,35.17117376667294,0.0,0.0,0.0,0.0,0.0,0.0
0.030449999999999998,30.276282321125382,0.0,0.0,0.0,0.0,0.0,0.0
0.030791,30.27468841313269,0.0,0.0,0.0,0.0,0.0,0.0
0.031136,30.27468841313269,0.0,0.0,0.0,0.0,0.0,0.0
0.031485,30.27468841313269,0.0,0.0,0.0,0.0,0.0,0.0
0.031837,30.27468841313269,0.0,0.0,0.0,0.0,0.0,0.0
0.032194,30.088998131984432,0.0,0.0,0.0,0.0,0.0,0.0
0.032554,28.897551907449493,0.0,0.0,0.0,0.0,0.0,0.0
0.032919,28.897551907449493,0.0,0.0,0.0,0.0,0.0,0.0
0.033288,28.895957999456805,0.0,0.0,0.0,0.0,0.0,0.0
0.033661,28.89516104546046,0.0,0.0,0.0,0.0,0.0,0.0
0.034038,28.89516104546046,0.0,0.0,0.0,0.0,0.0,0.0
0.034419,28.638541858637552,0.0,0.0,0.0,0.0,0.0,0.0
0.034804,19.471180038687425,0.0,0.0,0.0,0.0,0.0,0.0
0.035194,19.471180038687425,0.0,0.0,0.0,0.0,0.0,0.0
0.035588,19.471180038687425,0.0,0.0,0.0,0.0,0.0,0.0
0.035987000000000005,19.471180038687425,0.0,0.0,0.0,0.0,0.0,0.0
0.03639,19.471180038687425,0.0,0.0,0.0,0.0,0.0,0.0
0.036798000000000004,19.471180038687425,0.0,0.0,0.0,0.0,0.0,0.0
0.03721,19.471976992683768,0.0,0.0,0.0,0.0,0.0,0.0
0.037626,19.416987166936,0.0,0.0,0.0,0.0,0.0,0.0
0.038048,18.387322603658983,0.0,0.0,0.0,0.0,0.0,0.0
0.038473999999999994,18.386525649662637,0.0,0.0,0.0,0.0,0.0,0.0
0.038905,18.386525649662637,0.0,0.0,0.0,0.0,0.0,0.0
0.039341,18.384134787673606,0.0,0.0,0.0,0.0,0.0,0.0
0.039781,18.37616524771016,0.0,0.0,0.0,0.0,0.0,0.0
0.040227,18.566637252836482,0.0,0.0,0.0,0.0,0.0,0.0
0.040678,18.58417024075606,0.0,0.0,0.0,0.0,0.0,0.0
0.041133,14.437618597775925,0.0,0.0,0.0,0.0,0.0,0.0
0.041594,13.058091230103694,0.0,0.0,0.0,0.0,0.0,0.0
0.04206,12.79190859532465,0.0,0.0,0.0,0.0,0.0,0.0
0.042531,12.775172561401416,0.0,0.0,0.0,0.0,0.0,0.0
0.043007,12.773578653408727,0.0,0.0,0.0,0.0,0.0,0.0
0.043489,12.77198474541604,0.0,0.0,0.0,0.0,0.0,0.0
0.043976,12.761624343463561,0.0,0.0,0.0,0.0,0.0,0.0
0.044469,12.760827389467217,0.0,0.0,0.0,0.0,0.0,0.0
0.044967,11.074472733202375,0.0,0.0,0.0,0.0,0.0,0.0
0.04547,9.549102784199112,0.0,0.0,0.0,0.0,0.0,0.0
0.04598,9.547508876206424,0.0,0.0,0.0,0.0,0.0,0.0
0.046494999999999995,9.542727152228357,0.0,0.0,0.0,0.0,0.0,0.0
0.047015,9.533960658268567,0.0,0.0,0.0,0.0,0.0,0.0
0.047542,9.528381980294157,0.0,0.0,0.0,0.0,0.0,0.0
0.048074,9.525194164308779,0.0,0.0,0.0,0.0,0.0,0.0
0.048612999999999996,9.525194164308779,0.0,0.0,0.0,0.0,0.0,0.0
0.049157,8.89400659920398,0.0,0.0,0.0,0.0,0.0,0.0
0.049707999999999995,7.090818487075044,0.0,0.0,0.0,0.0,0.0,0.0
0.050265,7.089543360680894,0.0,0.0,0.0,0.0,0.0,0.0
0.050828000000000005,7.089543360680894,0.0,0.0,0.0,0.0,0.0,0.0
0.051397,7.089543360680894,0.0,0.0,0.0,0.0,0.0,0.0
0.051973,7.089543360680894,0.0,0.0,0.0,0.0,0.0,0.0
0.052555,7.088826102084183,0.0,0.0,0.0,0.0,0.0,0.0
0.053143,7.08571798149844,0.0,0.0,0.0,0.0,0.0,0.0
0.053738999999999995,7.085239809100633,0.0,0.0,0.0,0.0,0.0,0.0
0.054340000000000006,7.08372559650758,0.0,0.0,0.0,0.0,0.0,0.0
0.054949,5.982893041357,0.0,0.0,0.0,0.0,0.0,0.0
0.055564999999999996,5.970380863614392,0.0,0.0,0.0,0.0,0.0,0.0
0.056187,5.970380863614392,0.0,0.0,0.0,0.0,0.0,0.0
0.056816000000000005,5.967033656829746,0.0,0.0,0.0,0.0,0.0,0.0
0.057453000000000004,5.966794570630842,0.0,0.0,0.0,0.0,0.0,0.0
0.058095999999999995,6.312991386642868,0.0,0.0,0.0,0.0,0.0,0.0
0.058747,4.425963714098497,0.0,0.0,0.0,0.0,0.0,0.0
0.059405,4.278128747776603,0.0,0.0,0.0,0.0,0.0,0.0
0.06007,4.746976783826039,0.0,0.0,0.0,0.0,0.0,0.0
0.060743000000000005,4.073789743113887,0.0,0.0,0.0,0.0,0.0,0.0
0.061423,4.038883158074001,0.0,0.0,0.0,0.0,0.0,0.0
0.062111,4.040078589068518,0.0,0.0,0.0,0.0,0.0,0.0
0.062807,4.035057778891548,0.0,0.0,0.0,0.0,0.0,0.0
0.06351,3.8853898183780613,0.0,0.0,0.0,0.0,0.0,0.0
0.06422199999999999,3.7467198230141285,0.0,0.0,0.0,0.0,0.0,0.0
0.064941,3.7471979954119354,0.0,0.0,0.0,0.0,0.0,0.0
0.06566899999999999,3.7472776908115693,0.0,0.0,0.0,0.0,0.0,0.0
0.06640399999999999,3.7419380990360613,0.0,0.0,0.0,0.0,0.0,0.0
0.067148,3.7350842946675,0.0,0.0,0.0,0.0,0.0,0.0
0.0679,3.7341279498718865,0.0,0.0,0.0,0.0,0.0,0.0
0.06866,3.072735828305633,0.0,0.0,0.0,0.0,0.0,0.0
0.069429,2.257053413047096,0.0,0.0,0.0,0.0,0.0,0.0
0.07020699999999999,2.257053413047096,0.0,0.0,0.0,0.0,0.0,0.0
0.070993,2.257053413047096,0.0,0.0,0.0,0.0,0.0,0.0
0.071789,2.2542640740598907,0.0,0.0,0.0,0.0,0.0,0.0
0.072593,2.2525107752679325,0.0,0.0,0.0,0.0,0.0,0.0
0.073406,2.252351384468664,0.0,0.0,0.0,0.0,0.0,0.0
0.07422799999999999,2.252351384468664,0.0,0.0,0.0,0.0,0.0,0.0
0.075059,2.2522716890690297,0.0,0.0,0.0,0.0,0.0,0.0
0.07590000000000001,2.2509965626748785,0.0,0.0,0.0,0.0,0.0,0.0
0.07675,2.1206945842725617,0.0,0.0,0.0,0.0,0.0,0.0
0.07761,2.0672189711178497,0.0,0.0,0.0,0.0,0.0,0.0
0.078479,2.063154505736493,0.0,0.0,0.0,0.0,0.0,0.0
0.079358,2.062995114937224,0.0,0.0,0.0,0.0,0.0,0.0
0.080247,2.147711324748639,0.0,0.0,0.0,0.0,0.0,0.0
0.081146,1.9852921002936414,0.0,0.0,0.0,0.0,0.0,0.0
0.082055,1.6184541757762942,0.0,0.0,0.0,0.0,0.0,0.0
0.082974,1.7026125177902673,0.0,0.0,0.0,0.0,0.0,0.0
0.083903,1.5734262749828332,0.0,0.0,0.0,0.0,0.0,0.0
0.084843,1.5672100338113466,0.0,0.0,0.0,0.0,0.0,0.0
0.08579300000000001,1.5660942982164643,0.0,0.0,0.0,0.0,0.0,0.0
0.08675400000000001,1.5633049592292587,0.0,0.0,0.0,0.0,0.0,0.0
0.087726,1.5586029306508267,0.0,0.0,0.0,0.0,0.0,0.0
0.088708,1.5051273174961146,0.0,0.0,0.0,0.0,0.0,0.0
0.089702,1.2092979940530575,0.0,0.0,0.0,0.0,0.0,0.0
0.09070600000000001,1.2093776894526918,0.0,0.0,0.0,0.0,0.0,0.0
0.091722,1.2091386032537885,0.0,0.0,0.0,0.0,0.0,0.0
0.09275,1.2070665228632929,0.0,0.0,0.0,0.0,0.0,0.0
0.093789,1.206907132064024,0.0,0.0,0.0,0.0,0.0,0.0
0.09483899999999999,1.206907132064024,0.0,0.0,0.0,0.0,0.0,0.0
0.095901,1.0311787758700743,0.0,0.0,0.0,0.0,0.0,0.0
0.09697499999999999,0.8050032317075216,0.0,0.0,0.0,0.0,0.0,0.0
0.098062,0.803648409913736,0.0,0.0,0.0,0.0,0.0,0.0
0.09916,0.8033296283151983,0.0,0.0,0.0,0.0,0.0,0.0
0.10027,0.8027717605177571,0.0,0.0,0.0,0.0,0.0,0.0
0.10139,0.8027717605177571,0.0,0.0,0.0,0.0,0.0,0.0
0.10253,0.8027717605177571,0.0,0.0,0.0,0.0,0.0,0.0
0.10368000000000001,0.8026920651181227,0.0,0.0,0.0,0.0,0.0,0.0
0.10484,1.0420970456199934,0.0,0.0,0.0,0.0,0.0,0.0
0.10601000000000001,1.0043214261932667,0.0,0.0,0.0,0.0,0.0,0.0
0.1072,0.9175331359913568,0.0,0.0,0.0,0.0,0.0,0.0
0.10840000000000001,1.1771807480003762,0.0,0.0,0.0,0.0,0.0,0.0
0.10962000000000001,0.7897495322174889,0.0,0.0,0.0,0.0,0.0,0.0
0.11084000000000001,0.772893955194804,0.0,0.0,0.0,0.0,0.0,0.0
0.11208,0.5936191537171216,0.0,0.0,0.0,0.0,0.0,0.0
0.11334000000000001,0.49826360805450903,0.0,0.0,0.0,0.0,0.0,0.0
0.11461,0.4858390952514992,0.0,0.0,0.0,0.0,0.0,0.0
0.11589,0.4855601613527786,0.0,0.0,0.0,0.0,0.0,0.0
0.11719,0.48573549123197435,0.0,0.0,0.0,0.0,0.0,0.0
0.1185,0.48589488203124326,0.0,0.0,0.0,0.0,0.0,0.0
0.11982999999999999,0.4845480297774212,0.0,0.0,0.0,0.0,0.0,0.0
0.12117,0.4657478850036557,0.0,0.0,0.0,0.0,0.0,0.0
0.12253,0.44366428976495126,0.0,0.0,0.0,0.0,0.0,0.0
0.12390000000000001,0.4435128685056458,0.0,0.0,0.0,0.0,0.0,0.0
0.12529,0.44032505252026805,0.0,0.0,0.0,0.0,0.0,0.0
0.12669,0.44029317436041426,0.0,0.0,0.0,0.0,0.0,0.0
0.12811,0.4397671847228269,0.0,0.0,0.0,0.0,0.0,0.0
0.12955,0.4388506876270308,0.0,0.0,0.0,0.0,0.0,0.0
0.131,0.3673081273751902,0.0,0.0,0.0,0.0,0.0,0.0
0.13247,0.33172413143841084,0.0,0.0,0.0,0.0,0.0,0.0
0.13394999999999999,0.3355256020009738,0.0,0.0,0.0,0.0,0.0,0.0
0.13545,0.3326007808343897,0.0,0.0,0.0,0.0,0.0,0.0
0.13697,0.33567702326027926,0.0,0.0,0.0,0.0,0.0,0.0
0.1385,0.3294049953090485,0.0,0.0,0.0,0.0,0.0,0.0
0.14005,0.3286717976324116,0.0,0.0,0.0,0.0,0.0,0.0
0.14162,0.3270221028599786,0.0,0.0,0.0,0.0,0.0,0.0
0.14321,0.2534393403774962,0.0,0.0,0.0,0.0,0.0,0.0
0.14481,0.25206060996382035,0.0,0.0,0.0,0.0,0.0,0.0
0.14643,0.25194903640433214,0.0,0.0,0.0,0.0,0.0,0.0
0.14806999999999998,0.2519410668643687,0.0,0.0,0.0,0.0,0.0,0.0
0.14973,0.25166213296564816,0.0,0.0,0.0,0.0,0.0,0.0
0.15141,0.25166213296564816,3.7009238465065547e-13,0.0,0.0,0.0,0.0,3.7009238465065547e-13
0.15311000000000002,0.2515107117063427,8.162163376701282e-13,0.0,0.0,0.0,0.0,8.162163376701282e-13
0.15481999999999999,0.2513513209070738,1.2648689199748932e-12,0.0,0.0,0.0,0.0,1.2648689199748932e-12
0.15655000000000002,0.2016612392349978,1.7186713229177864e-12,0.0,0.0,0.0,0.0,1.7186713229177864e-12
0.15831,0.1746285596789943,2.180242440542102e-12,0.0,0.0,0.0,0.0,2.180242440542102e-12
0.16008,0.17462059013903083,2.644333719911174e-12,0.0,0.0,0.0,0.0,2.644333719911174e-12
0.16187,0.17462059013903083,3.1135645530841584e-12,0.0,0.0,0.0,0.0,3.1135645530841584e-12
0.16369,0.19448068372793434,3.5905519577738246e-12,0.0,0.0,0.0,0.0,3.5905519577738246e-12
0.16552,0.19916677322643966,4.070050774245526e-12,0.0,0.0,0.0,0.0,4.070050774245526e-12
0.16737,0.18336317547892939,4.554678537759072e-12,0.0,0.0,0.0,0.0,4.554678537759072e-12
0.16925,0.20915260680063552,5.047050332350978e-12,0.0,0.0,0.0,0.0,5.047050332350978e-12
0.17114,0.16983886616096416,5.541924507396168e-12,0.0,0.0,0.0,0.0,5.541924507396168e-12
0.17306,0.16823698862831185,6.0445341299471324e-12,0.0,0.0,0.0,0.0,6.0445341299471324e-12
0.175,0.1331231955493757,6.552256766562903e-12,0.0,0.0,0.0,0.0,6.552256766562903e-12
0.17696,0.10968477851688564,7.065088639185513e-12,0.0,0.0,0.0,0.0,7.065088639185513e-12
0.17894,0.10837777396288076,7.583025932363275e-12,0.0,0.0,0.0,0.0,7.583025932363275e-12
0.18095,0.10808290098423332,8.108679659083074e-12,0.0,0.0,0.0,0.0,8.108679659083074e-12
0.18297,0.1079713274247451,8.63681553750858e-12,0.0,0.0,0.0,0.0,8.63681553750858e-12
0.18502000000000002,0.10799523604463543,9.172658695690262e-12,0.0,0.0,0.0,0.0,9.172658695690262e-12
0.18709,0.10793944926489131,9.713590284210529e-12,0.0,0.0,0.0,0.0,9.713590284210529e-12
0.18919,0.10716640388843722,1.0262218456163176e-11,0.0,0.0,0.0,0.0,1.0262218456163176e-11
0.19131,0.10699904354920486,1.0815925598835386e-11,0.0,0.0,0.0,0.0,1.0815925598835386e-11
0.19344999999999998,0.10698310446927797,1.137470759831325e-11,0.0,0.0,0.0,0.0,1.137470759831325e-11
0.19562000000000002,0.10664041425084987,1.1941170378889355e-11,0.0,0.0,0.0,0.0,1.1941170378889355e-11
0.19781,0.10817056592383122,1.2512698252051347e-11,0.0,0.0,0.0,0.0,1.2512698252051347e-11
0.20003,0.11268132554314074,1.3091895610936112e-11,0.0,0.0,0.0,0.0,1.3091895610936112e-11
0.20227,0.10919863657911554,1.3676148081002094e-11,0.0,0.0,0.0,0.0,1.3676148081002094e-11
0.20453,0.11294432036193441,1.4265451326166735e-11,0.0,0.0,0.0,0.0,1.4265451326166735e-11
0.20682,0.10665635333077676,1.486240739731063e-11,0.0,0.0,0.0,0.0,1.486240739731063e-11
0.20914,0.1063933585119831,1.5467009627604922e-11,0.0,0.0,0.0,0.0,1.5467009627604922e-11
0.21148,0.10628178495249488,1.607664636356967e-11,0.0,0.0,0.0,0.0,1.607664636356967e-11
0.21384999999999998,0.06007518919844043,1.6693917219324508e-11,0.0,0.0,0.0,0.0,1.6693917219324508e-11
0.21624000000000002,0.054651120299320156,1.7316211951651095e-11,0.0,0.0,0.0,0.0,1.7316211951651095e-11
0.21866999999999998,0.05457700357766012,1.7948731083564297e-11,0.0,0.0,0.0,0.0,1.7948731083564297e-11
0.22112,0.05435226255069099,1.858626165781817e-11,0.0,0.0,0.0,0.0,1.858626165781817e-11
0.22359,0.05425104939315525,1.9228798952732107e-11,0.0,0.0,0.0,0.0,1.9228798952732107e-11
0.2261,0.05423192249724298,1.988153851318746e-11,0.0,0.0,0.0,0.0,1.988153851318746e-11
0.22863,0.054112379397791316,2.053927196704848e-11,0.0,0.0,0.0,0.0,2.053927196704848e-11
0.23119,0.05391871957667961,2.1204592942985504e-11,0.0,0.0,0.0,0.0,2.1204592942985504e-11
0.23378,0.05382388205111463,2.1877494024280156e-11,0.0,0.0,0.0,0.0,2.1877494024280156e-11
0.2364,0.08218986564300237,2.2557967711338757e-11,0.0,0.0,0.0,0.0,2.2557967711338757e-11
0.23905,0.07609954320293814,2.3246006421831748e-11,0.0,0.0,0.0,0.0,2.3246006421831748e-11
0.24172,0.06848703862985603,2.3939007416214765e-11,0.0,0.0,0.0,0.0,2.3939007416214765e-11
0.24443,0.09255026759548013,2.4642153975280258e-11,0.0,0.0,0.0,0.0,2.4642153975280258e-11
0.24717,0.0579082712823799,2.5352842325216298e-11,0.0,0.0,0.0,0.0,2.5352842325216298e-11
0.24994,0.05616134812239287,2.6071064554162185e-11,0.0,0.0,0.0,0.0,2.6071064554162185e-11
0.25274,0.056186053696279555,2.679681266823966e-11,0.0,0.0,0.0,0.0,2.679681266823966e-11
0.25557,0.0315569873932509,2.7530078591701415e-11,0.0,0.0,0.0,0.0,2.7530078591701415e-11
0.25843,0.027044633865948662,2.8270854167081018e-11,0.0,0.0,0.0,0.0,2.8270854167081018e-11
0.26132,0.02703905518797425,2.9019131155344683e-11,0.0,0.0,0.0,0.0,2.9019131155344683e-11
0.26425,0.027055791221897486,2.977748901579859e-11,0.0,0.0,0.0,0.0,2.977748901579859e-11
0.26721,0.02702949174001812,3.05433296556076e-11,0.0,0.0,0.0,0.0,3.05433296556076e-11
0.2702,0.026738603531352396,3.1316644563923225e-11,0.0,0.0,0.0,0.0,3.1316644563923225e-11
0.27323000000000003,0.02634809607314362,3.2100010025595686e-11,0.0,0.0,0.0,0.0,3.2100010025595686e-11
0.27629000000000004,0.027613659019338595,3.2890830517700024e-11,0.0,0.0,0.0,0.0,3.2890830517700024e-11
0.27938,0.031156916487085986,3.3689097259223726e-11,0.0,0.0,0.0,0.0,3.3689097259223726e-11
0.28251,0.0285229835291676,3.449738326865969e-11,0.0,0.0,0.0,0.0,3.449738326865969e-11
0.28568,0.031923586231569344,3.531567654547705e-11,0.0,0.0,0.0,0.0,3.531567654547705e-11
0.28887999999999997,0.02659196399602502,3.614138512213401e-11,0.0,0.0,0.0,0.0,3.614138512213401e-11
0.29211000000000004,0.026269994581501865,3.697449984153961e-11,0.0,0.0,0.0,0.0,3.697449984153961e-11
0.29539,0.026010187578693576,3.782016692300655e-11,0.0,0.0,0.0,0.0,3.782016692300655e-11
0.29869,0.02596555815489829,3.867064068187839e-11,0.0,0.0,0.0,0.0,3.867064068187839e-11
0.30204000000000003,0.025815730803585533,3.953364164765504e-11,0.0,0.0,0.0,0.0,3.953364164765504e-11
0.30542,0.025778273965757343,4.040400480689446e-11,0.0,0.0,0.0,0.0,4.040400480689446e-11
0.30883999999999995,0.025699375520119246,4.128429391963498e-11,0.0,0.0,0.0,0.0,4.128429391963498e-11
0.3123,0.025697781612126557,4.217449594245102e-11,0.0,0.0,0.0,0.0,4.217449594245102e-11
0.3158,0.025654746096323955,4.3074597688862085e-11,0.0,0.0,0.0,0.0,4.3074597688862085e-11
0.31933999999999996,0.025379796967585123,4.3984585829660064e-11,0.0,0.0,0.0,0.0,4.3984585829660064e-11
0.32291000000000003,0.025355091393698445,4.490187802219065e-11,0.0,0.0,0.0,0.0,4.490187802219065e-11
0.32653,0.023767559032980314,4.583159955702449e-11,0.0,0.0,0.0,0.0,4.583159955702449e-11
0.33019,0.009042240042524047,4.6771166657864766e-11,0.0,0.0,0.0,0.0,4.6771166657864766e-11
0.33388999999999996,0.022402376837242284,4.772056542789645e-11,0.0,0.0,0.0,0.0,4.772056542789645e-11
0.33763,0.02104914895144942,4.867978182925487e-11,0.0,0.0,0.0,0.0,4.867978182925487e-11
0.34141000000000005,0.017218191091021684,4.9648801683371706e-11,0.0,0.0,0.0,0.0,4.9648801683371706e-11
0.34523000000000004,0.03010174939592595,5.062761067132401e-11,0.0,0.0,0.0,0.0,5.062761067132401e-11
0.3491,0.011317543702087431,5.161875481234436e-11,0.0,0.0,0.0,0.0,5.161875481234436e-11
0.35301,0.010271940058883522,5.2619656530648044e-11,0.0,0.0,0.0,0.0,5.2619656530648044e-11
0.35696,0.010169929947351433,5.363030105183785e-11,0.0,0.0,0.0,0.0,5.363030105183785e-11
0.36096,0.010147615235453789,5.465323014772698e-11,0.0,0.0,0.0,0.0,5.465323014772698e-11
0.365,0.009608874333924945,5.568586950311927e-11,0.0,0.0,0.0,0.0,5.568586950311927e-11
0.36909,0.009566635772118689,5.6730757979959817e-11,0.0,0.0,0.0,0.0,5.6730757979959817e-11
0.37323,0.009533960658268567,5.7787876259758504e-11,0.0,0.0,0.0,0.0,5.7787876259758504e-11
0.37741,0.009513239854363613,5.885465337462181e-11,0.0,0.0,0.0,0.0,5.885465337462181e-11
0.38162999999999997,0.009490925142465969,5.993107361416827e-11,0.0,0.0,0.0,0.0,5.993107361416827e-11
0.38591000000000003,0.009977864034232424,6.102221858247968e-11,0.0,0.0,0.0,0.0,6.102221858247968e-11
0.39023,0.009549899738195457,6.212296935498839e-11,0.0,0.0,0.0,0.0,6.212296935498839e-11
0.3946,0.009956346276331123,6.323585569822284e-11,0.0,0.0,0.0,0.0,6.323585569822284e-11
0.39902,0.009084478604330303,6.436085707770073e-11,0.0,0.0,0.0,0.0,6.436085707770073e-11
0.40349,0.009056585214458247,6.549795274312357e-11,0.0,0.0,0.0,0.0,6.549795274312357e-11
0.40801,0.009031082686575225,6.66471217290147e-11,0.0,0.0,0.0,0.0,6.66471217290147e-11
0.41258,0.008983265446794559,6.780834285536489e-11,0.0,0.0,0.0,0.0,6.780834285536489e-11
0.4172,0.00887966142726978,6.898159472828033e-11,0.0,0.0,0.0,0.0,6.898159472828033e-11
0.42187,0.008854955853383103,7.016685574064169e-11,0.0,0.0,0.0,0.0,7.016685574064169e-11
0.42660000000000003,0.008826265509514703,7.136663986605169e-11,0.0,0.0,0.0,0.0,7.136663986605169e-11
0.43138,0.008814311199569536,7.257838625344832e-11,0.0,0.0,0.0,0.0,7.257838625344832e-11
0.43621,0.010898345900010254,7.38020726152564e-11,0.0,0.0,0.0,0.0,7.38020726152564e-11
0.44109,0.010581955163461509,7.503767645347662e-11,0.0,0.0,0.0,0.0,7.503767645347662e-11
0.44603,0.00998264575821049,7.628770470232447e-11,0.0,0.0,0.0,0.0,7.628770470232447e-11
0.45103,0.011858675465605307,7.755212971291002e-11,0.0,0.0,0.0,0.0,7.755212971291002e-11
0.45608,0.008948199470955404,7.882839706676494e-11,0.0,0.0,0.0,0.0,7.882839706676494e-11
0.46119,0.008797575165646302,8.011900819532835e-11,0.0,0.0,0.0,0.0,8.011900819532835e-11
0.46636,0.00877765131573769,8.142393458652636e-11,0.0,0.0,0.0,0.0,8.142393458652636e-11
0.47158,0.00877765131573769,8.27406258519675e-11,0.0,0.0,0.0,0.0,8.27406258519675e-11
0.47686,0.00868600160615808,8.407157777645642e-11,0.0,0.0,0.0,0.0,8.407157777645642e-11
0.48219999999999996,0.00867723511219829,8.541676099344586e-11,0.0,0.0,0.0,0.0,8.541676099344586e-11
0.48760000000000003,0.008670062526231193,8.67761458357767e-11,0.0,0.0,0.0,0.0,8.67761458357767e-11
0.49306,0.008844595451430624,8.814970233677032e-11,0.0,0.0,0.0,0.0,8.814970233677032e-11
0.49859,0.0008164793692548815,8.953991330800652e-11,0.0,0.0,0.0,0.0,8.953991330800652e-11
0.50417,0.0006227239136636207,9.09417202814599e-11,0.0,0.0,0.0,0.0,9.09417202814599e-11
0.5098199999999999,0.0009460640890604879,9.236011676129726e-11,0.0,0.0,0.0,0.0,9.236011676129726e-11
0.5155299999999999,0.00045812103525863946,9.379255846451441e-11,0.0,0.0,0.0,0.0,9.379255846451441e-11
0.5213,0.000376090560414906,9.52390138910295e-11,0.0,0.0,0.0,0.0,9.52390138910295e-11
0.5271399999999999,0.000369491781325174,9.670195537228158e-11,0.0,0.0,0.0,0.0,9.670195537228158e-11
0.5330499999999999,0.000355361786969987,9.818134528581957e-11,0.0,0.0,0.0,0.0,9.818134528581957e-11
0.5390199999999999,0.00032697428562019796,9.967464520006926e-11,0.0,0.0,0.0,0.0,9.967464520006926e-11
0.5450499999999999,0.0003149482498153603,1.0118182234750498e-10,0.0,0.0,0.0,0.0,1.0118182234750498e-10
0.55116,0.0010157178683409922,1.0270783690969752e-10,0.0,0.0,0.0,0.0,1.0270783690969752e-10
0.55733,0.0011110335663037877,1.0424765462194855e-10,0.0,0.0,0.0,0.0,1.0424765462194855e-10
0.56357,0.0008222174380285615,1.0580373450129715e-10,0.0,0.0,0.0,0.0,1.0580373450129715e-10
0.56989,0.0014740461116386813,1.0737852742593365e-10,0.0,0.0,0.0,0.0,1.0737852742593365e-10
0.57627,0.00041526084933523537,1.0896700955887044e-10,0.0,0.0,0.0,0.0,1.0896700955887044e-10
0.58272,0.00035866914605481645,1.105716329566842e-10,0.0,0.0,0.0,0.0,1.105716329566842e-10
0.58925,0.0003278668740961037,1.1219484129925463e-10,0.0,0.0,0.0,0.0,1.1219484129925463e-10
0.59585,0.00032354738343591684,1.1383410426623187e-10,0.0,0.0,0.0,0.0,1.1383410426623187e-10
0.60252,0.0002844647594551854,1.1548937994286491e-10,0.0,0.0,0.0,0.0,1.1548937994286491e-10
0.60927,0.0002514230467667448,1.1716310457666255e-10,0.0,0.0,0.0,0.0,1.1716310457666255e-10
0.6161,0.0008633402642399348,1.1885522914767314e-10,0.0,0.0,0.0,0.0,1.1885522914767314e-10
0.623,0.0006790605916652093,1.2056322983135572e-10,0.0,0.0,0.0,0.0,1.2056322983135572e-10
0.62998,0.0005261809065464549,1.2228953520309602e-10,0.0,0.0,0.0,0.0,1.2228953520309602e-10
0.63703,0.0009043036996520392,1.240316248292143e-10,0.0,0.0,0.0,0.0,1.240316248292143e-10
0.6441699999999999,0.00029288856319654614,1.2579438985315052e-10,0.0,0.0,0.0,0.0,1.2579438985315052e-10
0.65138,0.00024424249125968136,1.275728411243123e-10,0.0,0.0,0.0,0.0,1.275728411243123e-10
0.6586799999999999,0.00023313295255063986,1.2937185997960318e-10,0.0,0.0,0.0,0.0,1.2937185997960318e-10
0.6660499999999999,0.00022176041902280467,1.3118646517274174e-10,0.0,0.0,0.0,0.0,1.3118646517274174e-10
0.6735099999999999,0.0001972859617950668,1.3302152806292135e-10,0.0,0.0,0.0,0.0,1.3302152806292135e-10
0.68106,0.001294651767061547,1.3487698831279067e-10,0.0,0.0,0.0,0.0,1.3487698831279067e-10
0.68869,0.0012426106711002551,1.3675033089293895e-10,0.0,0.0,0.0,0.0,1.3675033089293895e-10
0.6964,0.0009055788260461902,1.3864150130741866e-10,0.0,0.0,0.0,0.0,1.3864150130741866e-10
0.7042,0.0019512621646497336,1.405528938883424e-10,0.0,0.0,0.0,0.0,1.405528938883424e-10
0.71209,0.00037563629663698965,1.4248444594357124e-10,0.0,0.0,0.0,0.0,1.4248444594357124e-10
0.7200599999999999,0.00029664221651932846,1.4443364970595811e-10,0.0,0.0,0.0,0.0,1.4443364970595811e-10
0.7281299999999999,0.0002801851164948157,1.4640533262704916e-10,0.0,0.0,0.0,0.0,1.4640533262704916e-10
0.7362799999999999,0.0002587869016929674,1.4839454376796814e-10,0.0,0.0,0.0,0.0,1.4839454376796814e-10
0.74453,0.00020413976616362898,1.5040609950800887e-10,0.0,0.0,0.0,0.0,1.5040609950800887e-10
0.75287,0.0004278686615574044,1.5243749210190471e-10,0.0,0.0,0.0,0.0,1.5243749210190471e-10
0.7613,0.00035036488541290736,1.5448865519824677e-10,0.0,0.0,0.0,0.0,1.5448865519824677e-10
0.76983,0.00029235460401899534,1.5656195114731334e-10,0.0,0.0,0.0,0.0,1.5656195114731334e-10
0.7784500000000001,0.0004428434271487166,1.586548778781839e-10,0.0,0.0,0.0,0.0,1.586548778781839e-10
0.7871699999999999,0.0010609051599337223,1.6076979122412923e-10,0.0,0.0,0.0,0.0,1.6076979122412923e-10
0.79599,0.0006411415205191407,1.6290661438909145e-10,0.0,0.0,0.0,0.0,1.6290661438909145e-10
0.8049,0.0004946454369111053,1.6506285117006807e-10,6.194114435406464e-11,0.0,0.0,6.194114435406464e-11,1.6506285117006807e-10
0.81392,0.0009050209582487491,1.672432633670094e-10,1.2810371801169927e-10,0.0,0.0,1.2810371801169927e-10,1.672432633670094e-10
0.8230299999999999,0.00025262644730122486,1.6944293742373146e-10,1.816069982301605e-10,0.0,0.0,1.6944293742373146e-10,1.816069982301605e-10
0.83225,0.0002147711324748639,1.7166662279352105e-10,2.291753936309245e-10,0.0,0.0,1.7166662279352105e-10,2.291753936309245e-10
0.84157,0.00020840347004407177,1.739118230948543e-10,2.729688101537052e-10,0.0,0.0,1.739118230948543e-10,2.729688101537052e-10
0.851,0.00018371383523732094,1.761808619558759e-10,3.1412655659096087e-10,0.0,0.0,1.761808619558759e-10,3.1412655659096087e-10
0.86053,0.0005612389128456469,1.7847124702261295e-10,3.532451617529342e-10,0.0,0.0,1.7847124702261295e-10,3.532451617529342e-10
0.87017,0.0003663517825795769,1.807852946762348e-10,3.907818290100565e-10,0.0,0.0,1.807852946762348e-10,3.907818290100565e-10
0.8799199999999999,0.0003021013513942879,1.831229128229412e-10,4.2702313646855753e-10,0.0,0.0,1.831229128229412e-10,4.2702313646855753e-10
0.88977,0.0004933942191368445,1.854816153622991e-10,4.6214338731782615e-10,0.0,0.0,1.854816153622991e-10,4.6214338731782615e-10
0.89974,0.00018422388579498138,1.878660977599403e-10,4.963722942138275e-10,0.0,0.0,1.878660977599403e-10,4.963722942138275e-10
0.9098200000000001,0.0001630966353518902,1.9027386926216834e-10,5.297971201497716e-10,0.0,0.0,1.9027386926216834e-10,5.297971201497716e-10
0.92001,0.0001559957752444612,1.927048343716171e-10,5.625165148932011e-10,0.0,0.0,1.927048343716171e-10,5.625165148932011e-10
0.93031,0.0005557558693507971,1.9515889675570451e-10,5.946106956576018e-10,0.0,0.0,1.9515889675570451e-10,5.946106956576018e-10
0.9407300000000001,0.0006352918781859725,1.976383372065544e-10,6.261758185374631e-10,0.0,0.0,1.976383372065544e-10,6.261758185374631e-10
0.95127,0.00047527945479993534,2.0014304835650696e-10,6.57265081445609e-10,0.0,0.0,2.0014304835650696e-10,6.57265081445609e-10
0.96192,0.0009047818720498458,2.026705501817046e-10,6.878951200151655e-10,0.0,0.0,2.026705501817046e-10,6.878951200151655e-10
0.9727,0.0002186682375169882,2.0522547984487993e-10,7.181619379087786e-10,0.0,0.0,2.0522547984487993e-10,7.181619379087786e-10
0.9835900000000001,0.00018004784685413653,2.078029869466596e-10,7.480425126013357e-10,0.0,0.0,2.078029869466596e-10,7.480425126013357e-10
0.99461,0.0001649057209235921,2.1040769392833635e-10,7.776205716965615e-10,0.0,0.0,2.1040769392833635e-10,7.776205716965615e-10
1.0057,0.00016492962954348241,2.1302532649686456e-10,8.067635942818238e-10,0.0,0.0,2.1302532649686456e-10,8.067635942818238e-10
1.017,0.0006105783347593313,2.15688796704517e-10,8.358584626981322e-10,0.0,0.0,2.15688796704517e-10,8.358584626981322e-10
1.0284,0.00036959538534469876,2.183720279129241e-10,8.646362109150374e-10,0.0,0.0,2.183720279129241e-10,8.646362109150374e-10
1.0399,0.0006701187678262246,2.2107492495011345e-10,8.931174483257295e-10,0.0,0.0,2.2107492495011345e-10,8.931174483257295e-10
1.0515999999999999,0.0001776251067052494,2.2382084442931605e-10,9.215615289811146e-10,0.0,0.0,2.2382084442931605e-10,9.215615289811146e-10
1.0633,0.00015802003839517613,2.2656275093648148e-10,9.494989489896154e-10,0.0,0.0,2.2656275093648148e-10,9.494989489896154e-10
1.0753,0.00013067654678059826,2.2937080024658497e-10,9.776552501515588e-10,0.0,0.0,2.2937080024658497e-10,9.776552501515588e-10
1.0873,0.0001304055824218412,2.3217464064019977e-10,1.0053344173263371e-09,0.0,0.0,2.3217464064019977e-10,1.0053344173263371e-09
1.0995,0.004807545287548216,2.350209034861918e-10,1.0330108732073633e-09,0.0,0.0,2.350209034861918e-10,1.0330108732073633e-09
1.1118,0.002658160359407254,2.378861056584893e-10,1.0604640435219052e-09,0.0,0.0,2.378861056584893e-10,1.0604640435219052e-09
1.1242,0.0018987428962906345,2.4077014648566856e-10,1.087704927945837e-09,0.0,0.0,2.4077014648566856e-10,1.087704927945837e-09
1.1368,0.004739246330061497,2.4369612868911304e-10,1.1149582452998112e-09,0.0,0.0,2.4369612868911304e-10,1.1149582452998112e-09
1.1496,0.0005830754523454847,2.466638400809852e-10,1.1422235920243098e-09,0.0,0.0,2.466638400809852e-10,1.1422235920243098e-09
1.1624,0.00042548576910833455,2.496268069312761e-10,1.1690838741652656e-09,0.0,0.0,2.496268069312761e-10,1.1690838741652656e-09
1.1755,0.00043434789754768474,2.526543135873534e-10,1.1961724524452244e-09,0.0,0.0,2.526543135873534e-10,1.1961724524452244e-09
1.1885999999999999,0.00038698492154493454,2.5567686675805455e-10,1.2228722449685344e-09,0.0,0.0,2.5567686675805455e-10,1.2228722449685344e-09
1.2019000000000002,0.00029641109986038857,2.5874050661080733e-10,1.2495983268146428e-09,0.0,0.0,2.5874050661080733e-10,1.2495983268146428e-09
1.2154,0.0003110670838531629,2.618450118428984e-10,1.2763491751941577e-09,0.0,0.0,2.618450118428984e-10,1.2763491751941577e-09
1.229,0.0002829027296223503,2.649672206933106e-10,1.302929141882291e-09,0.0,0.0,2.649672206933106e-10,1.302929141882291e-09
1.2428,0.00028096613141123325,2.6812992362208715e-10,1.3295360020900833e-09,0.0,0.0,2.6812992362208715e-10,1.3295360020900833e-09
1.2567000000000002,0.00022325072299596874,2.713100343585536e-10,1.3559790244941571e-09,0.0,0.0,2.713100343585536e-10,1.3559790244941571e-09
1.2708,0.00035800767423785053,2.7453026176398437e-10,1.3824503803680327e-09,0.0,0.0,2.7453026176398437e-10,1.3824503803680327e-09
1.285,0.0003149084021155431,2.777675965647487e-10,1.4087640413938463e-09,0.0,0.0,2.777675965647487e-10,1.4087640413938463e-09
1.2994,0.0002560772581053964,2.8104466464485186e-10,1.4351069151959254e-09,0.0,0.0,2.8104466464485186e-10,1.4351069151959254e-09
1.314,0.0003704879738206045,2.843612308446977e-10,1.461476959835151e-09,0.0,0.0,2.843612308446977e-10,1.461476959835151e-09
1.3287,0.00017644561479065963,2.8769440379252935e-10,1.4876949211051191e-09,0.0,0.0,2.8769440379252935e-10,1.4876949211051191e-09
1.3436,0.00016645978121646377,2.910666815569547e-10,1.5139404291623854e-09,0.0,0.0,2.910666815569547e-10,1.5139404291623854e-09
1.3585999999999998,0.00014018420795698747,2.944552537498587e-10,1.540038461005139e-09,0.0,0.0,2.944552537498587e-10,1.540038461005139e-09
1.3738,0.00013469319492217426,2.978825318225256e-10,1.5661640552263928e-09,0.0,0.0,2.978825318225256e-10,1.5661640552263928e-09
1.3892,0.0001270424365572676,3.0134827110448107e-10,1.5923150503835326e-09,0.0,0.0,3.0134827110448107e-10,1.5923150503835326e-09
1.4048,0.00012453203146878264,3.0485222451094086e-10,1.61848932072881e-09,0.0,0.0,3.0485222451094086e-10,1.61848932072881e-09
1.4205,0.0001192163483131652,3.0837174735895073e-10,1.6445199558616103e-09,0.0,0.0,3.0837174735895073e-10,1.6445199558616103e-09
1.4364000000000001,0.00011060127561268177,3.1192907224846697e-10,1.6705735774949493e-09,0.0,0.0,3.1192907224846697e-10,1.6705735774949493e-09
1.4525,0.00010703092170905866,3.155239464350999e-10,1.6966480587655624e-09,0.0,0.0,3.155239464350999e-10,1.6966480587655624e-09
1.4687999999999999,9.903747312572391e-05,3.191561148660986e-10,1.7227413102991724e-09,0.0,0.0,3.191561148660986e-10,1.7227413102991724e-09
1.4852,8.05800185703866e-05,3.2280310538813174e-10,1.7486939387011203e-09,0.0,0.0,3.2280310538813174e-10,1.7486939387011203e-09
1.5019,7.746392844467983e-05,3.265091343920614e-10,1.7748204002012737e-09,0.0,0.0,3.265091343920614e-10,1.7748204002012737e-09
1.5187,7.395733086076428e-05,3.302295573984259e-10,1.8008057518968604e-09,0.0,0.0,3.302295573984259e-10,1.8008057518968604e-09
1.5357,7.332614329565947e-05,3.3398632660798903e-10,1.826805298928484e-09,0.0,0.0,3.3398632660798903e-10,1.826805298928484e-09
1.5529000000000002,7.193545857203842e-05,3.377791772303253e-10,1.852817042723091e-09,0.0,0.0,3.377791772303253e-10,1.852817042723091e-09
1.5703,6.959719554676383e-05,3.416078423372143e-10,1.878839020852055e-09,0.0,0.0,3.416078423372143e-10,1.878839020852055e-09
1.5879,6.771877497737999e-05,3.454720528938953e-10,1.904869306221825e-09,0.0,0.0,3.454720528938953e-10,1.904869306221825e-09
1.6057000000000001,6.756018113210744e-05,3.493715377905184e-10,1.9309060062956603e-09,0.0,0.0,3.493715377905184e-10,1.9309060062956603e-09
1.6236,6.169061494903062e-05,3.5328419006262217e-10,1.9568033744430716e-09,0.0,0.0,3.5328419006262217e-10,1.9568033744430716e-09
1.6418,4.850819889549719e-05,3.5725345178307187e-10,1.9828489234468084e-09,0.0,0.0,3.5725345178307187e-10,1.9828489234468084e-09
1.6602000000000001,4.762836168353293e-05,3.612571628113194e-10,2.008895385353153e-09,0.0,0.0,3.612571628113194e-10,2.008895385353153e-09
1.6787999999999998,4.679554475735299e-05,3.6529504405190163e-10,2.0349409992430457e-09,0.0,0.0,3.6529504405190163e-10,2.0349409992430457e-09
1.6976,4.52948803822364e-05,3.693668144942475e-10,2.060984035251576e-09,0.0,0.0,3.693668144942475e-10,2.060984035251576e-09
1.7166,4.3208454819806644e-05,3.73472191245191e-10,2.0870227939455116e-09,0.0,0.0,3.73472191245191e-10,2.0870227939455116e-09
1.7359,4.219552629045287e-05,3.7763241929096724e-10,2.113190468782743e-09,0.0,0.0,3.7763241929096724e-10,2.113190468782743e-09
1.7552999999999999,4.087497351851012e-05,3.818041004664206e-10,2.139214267066201e-09,0.0,0.0,3.818041004664206e-10,2.139214267066201e-09
1.775,4.005889262625342e-05,3.860299526530865e-10,2.165360911644657e-09,0.0,0.0,3.860299526530865e-10,2.165360911644657e-09
1.7948,3.901408593704584e-05,3.902667832796003e-10,2.1913633849018243e-09,0.0,0.0,3.902667832796003e-10,2.1913633849018243e-09
1.8149000000000002,3.882281697792318e-05,3.94557096024286e-10,2.217482827410097e-09,0.0,0.0,3.94557096024286e-10,2.217482827410097e-09
1.8353,3.523652399437319e-05,3.989004353182776e-10,2.243713653613475e-09,0.0,0.0,3.989004353182776e-10,2.243713653613475e-09
1.8558,3.2288591161895105e-05,4.0325392266488137e-10,2.2697972667503285e-09,0.0,0.0,4.0325392266488137e-10,2.2697972667503285e-09
1.8765999999999998,3.1854251233887376e-05,4.0765973243131704e-10,2.2959867631610493e-09,0.0,0.0,4.0765973243131704e-10,2.2959867631610493e-09
1.8976,3.089471862228867e-05,4.120963000910714e-10,2.32215289208679e-09,0.0,0.0,4.120963000910714e-10,2.32215289208679e-09
1.9189,3.0578327885739926e-05,4.165843663026449e-10,2.3484170008625148e-09,1.4939891603142554e-11,1.4939891603142554e-11,4.165843663026449e-10,2.3484170008625148e-09
1.9404000000000001,2.9443465394945437e-05,4.211024718944243e-10,2.3746525893004302e-09,2.700854668593974e-11,2.700854668593974e-11,4.211024718944243e-10,2.3746525893004302e-09
1.9621,2.835801405192431e-05,4.2565031064465324e-10,2.4008584338639333e-09,3.775475948153321e-11,3.775475948153321e-11,4.2565031064465324e-10,2.4008584338639333e-09
1.9841,2.5009213359284955e-05,4.302484469551701e-10,2.4271522324318486e-09,4.781322256049624e-11,4.781322256049624e-11,4.302484469551701e-10,2.4271522324318486e-09
2.0063,2.4299924302538403e-05,4.3487558439235476e-10,2.4534114559347154e-09,5.737958095123863e-11,5.737958095123863e-11,4.3487558439235476e-10,2.4534114559347154e-09
2.0288,2.400903609387268e-05,4.3955216728385206e-10,2.47975145437427e-09,6.662770523789409e-11,6.662770523789409e-11,4.3955216728385206e-10,2.47975145437427e-09
2.0515,2.3042330896306873e-05,4.4425700985706716e-10,2.506052278020266e-09,7.5597175023343e-11,7.5597175023343e-11,4.4425700985706716e-10,2.506052278020266e-09
2.0745,2.2604006198317432e-05,4.490104346314466e-10,2.5324269799914133e-09,8.438206029014153e-11,8.438206029014153e-11,4.490104346314466e-10,2.5324269799914133e-09
2.0976999999999997,1.9122114188288563e-05,4.5379136866602774e-10,2.5587581271846785e-09,9.298301097786339e-11,9.298301097786339e-11,4.5379136866602774e-10,2.5587581271846785e-09
2.1212,1.737997275227961e-05,4.586200109800147e-10,2.5851565256945566e-09,1.0146616517835043e-10,1.0146616517835043e-10,4.586200109800147e-10,2.5851565256945566e-09
2.145,1.6965556674180498e-05,4.634958600257016e-10,2.6116178114829724e-09,1.0985257942945132e-10,1.0985257942945132e-10,4.634958600257016e-10,2.6116178114829724e-09
2.169,1.6936069376315753e-05,4.683980155357435e-10,2.6380282351445733e-09,1.1812478652005774e-10,1.1812478652005774e-10,4.683980155357435e-10,2.6380282351445733e-09
2.1933000000000002,1.661967863976701e-05,4.733464872673941e-10,2.664495337991031e-09,1.2633164483255934e-10,1.2633164483255934e-10,4.733464872673941e-10,2.664495337991031e-09
2.2179,1.599964843061103e-05,4.783407641829559e-10,2.6910149955860804e-09,1.3448399761595866e-10,1.3448399761595866e-10,4.783407641829559e-10,2.6910149955860804e-09
2.2426999999999997,1.5598780570449777e-05,4.833601237869325e-10,2.7174770163700035e-09,1.42558588875281e-10,1.42558588875281e-10,4.833601237869325e-10,2.7174770163700035e-09
2.2678000000000003,1.54019329333527e-05,4.884243826880599e-10,2.743985774943113e-09,1.5059634279973168e-10,1.5059634279973168e-10,4.884243826880599e-10,2.743985774943113e-09
2.2931999999999997,1.4695034738595178e-05,4.935330210181544e-10,2.7705373719596776e-09,1.5860362862234337e-10,1.5860362862234337e-10,4.935330210181544e-10,2.7705373719596776e-09
2.3189,1.4628090602902247e-05,4.986855155625602e-10,2.797127990366242e-09,1.6658591960532456e-10,1.6658591960532456e-10,4.986855155625602e-10,2.797127990366242e-09
2.3449,1.4455151585695501e-05,5.038813398491092e-10,2.8237538937827e-09,1.7454795568974344e-10,1.7454795568974344e-10,5.038813398491092e-10,2.8237538937827e-09
2.3710999999999998,1.4226425788744648e-05,5.091000781126785e-10,2.8503105830814884e-09,1.8246385368111047e-10,1.8246385368111047e-10,5.091000781126785e-10,2.8503105830814884e-09
2.3977,1.2375898609232853e-05,5.143810358952836e-10,2.8769971948487342e-09,1.903976489769494e-10,1.903976489769494e-10,5.143810358952836e-10,2.8769971948487342e-09
2.4246,1.0127691385545178e-05,5.197037258745178e-10,2.9037083406787655e-09,1.9832212670464013e-10,1.9832212670464013e-10,5.197037258745178e-10,2.9037083406787655e-09
2.4516999999999998,9.808112833011057e-06,5.250479226593567e-10,2.930342813708463e-09,2.0621118058041892e-10,2.0621118058041892e-10,5.250479226593567e-10,2.930342813708463e-09
2.4791999999999996,9.689366687555733e-06,5.304525259414096e-10,2.9570938156768425e-09,2.141255445238512e-10,2.141255445238512e-10,5.304525259414096e-10,2.9570938156768425e-09
2.5069,9.492519050458657e-06,5.358776863412516e-10,2.9837634860421704e-09,2.2200988346812269e-10,2.2200988346812269e-10,5.358776863412516e-10,2.9837634860421704e-09
2.535,9.477376924528113e-06,5.413620284534836e-10,3.0105411648115397e-09,2.2992313817624094e-10,2.2992313817624094e-10,5.413620284534836e-10,3.0105411648115397e-09
2.5634,9.468610430568323e-06,5.468853834966001e-10,3.0373269278873725e-09,2.378385116707494e-10,2.378385116707494e-10,5.468853834966001e-10,3.0373269278873725e-09
2.5921,9.21996078370886e-06,5.524471997103535e-10,3.0641176971537282e-09,2.4575764845067744e-10,2.4575764845067744e-10,5.524471997103535e-10,3.0641176971537282e-09
2.6212,8.575225000666204e-06,5.580661972739864e-10,3.0910023724285317e-09,2.537092312571217e-10,2.537092312571217e-10,5.580661972739864e-10,3.0910023724285317e-09
2.6505,8.404676845448493e-06,5.637032007626469e-10,3.1177932384150928e-09,2.616399667501043e-10,2.616399667501043e-10,5.637032007626469e-10,3.1177932384150928e-09
2.6801999999999997,8.324981445814047e-06,5.693961285938911e-10,3.1446703064648406e-09,2.6960523583277135e-10,2.6960523583277135e-10,5.693961285938911e-10,3.1446703064648406e-09
2.7102,8.243692138186917e-06,5.75125144493164e-10,3.171538871714277e-09,2.775789853010115e-10,2.775789853010115e-10,5.75125144493164e-10,3.171538871714277e-09
2.7405999999999997,8.235722598223472e-06,5.80908673279884e-10,3.1984843804098498e-09,2.855884906862203e-10,2.855884906862203e-10,5.80908673279884e-10,3.1984843804098498e-09
2.7713,8.068362258991138e-06,5.86727015162415e-10,3.225414158834961e-09,2.9360802815751463e-10,2.9360802815751463e-10,5.86727015162415e-10,3.225414158834961e-09
2.8023000000000002,7.009608874847546e-06,5.925796012697264e-10,3.2523256206265707e-09,3.0163848944368195e-10,3.0163848944368195e-10,5.925796012697264e-10,3.2523256206265707e-09
2.8337,6.481547156869718e-06,5.984846301347088e-10,3.2793017019060654e-09,3.09706282191544e-10,3.09706282191544e-10,5.984846301347088e-10,3.2793017019060654e-09
2.8654,6.2577624746962e-06,6.044226123909008e-10,3.3062526910740916e-09,3.1778616219032996e-10,3.1778616219032996e-10,6.044226123909008e-10,3.3062526910740916e-09
2.8975,6.099885888020365e-06,6.104115932305811e-10,3.333259893566772e-09,3.2590402734566194e-10,3.2590402734566194e-10,6.104115932305811e-10,3.333259893566772e-09
2.93,6.073347319942095e-06,6.16450770747917e-10,3.360318355626456e-09,3.3405995347199246e-10,3.3405995347199246e-10,6.16450770747917e-10,3.360318355626456e-09
2.9628,5.930772249996073e-06,6.225208703804086e-10,3.387341268286595e-09,3.422291812817515e-10,3.422291812817515e-10,6.225208703804086e-10,3.387341268286595e-09
2.996,5.838006804821581e-06,6.286397034079998e-10,3.4144075493213716e-09,3.5043692250701643e-10,3.5043692250701643e-10,6.286397034079998e-10,3.4144075493213716e-09
3.0296,5.733207354302287e-06,6.348064574051665e-10,3.4415125189196563e-09,3.5868318043165624e-10,3.5868318043165624e-10,6.348064574051665e-10,3.4415125189196563e-09
3.0635,5.211760354494117e-06,6.41002078798164e-10,3.4685721919160206e-09,3.6694366174976353e-10,3.6694366174976353e-10,6.41002078798164e-10,3.4685721919160206e-09
3.0978000000000003,4.833525987829045e-06,6.47244141401473e-10,3.4956631537686374e-09,3.752429594899425e-10,3.752429594899425e-10,6.47244141401473e-10,3.4956631537686374e-09
3.1325,4.688560055893991e-06,6.535318236692402e-10,3.5227809869595924e-09,3.8358102291267176e-10,3.8358102291267176e-10,6.535318236692402e-10,3.5227809869595924e-09
3.1675999999999997,4.641061597711862e-06,6.598643007628394e-10,3.54992136548885e-09,3.919577900540992e-10,3.919577900540992e-10,6.598643007628394e-10,3.54992136548885e-09
3.2031,4.64010525291625e-06,6.662407447297272e-10,3.5770800536419603e-09,4.0037318869971103e-10,4.0037318869971103e-10,6.662407447297272e-10,3.5770800536419603e-09
3.2389,4.549730669730789e-06,6.726424828248436e-10,3.604177616730489e-09,4.0880366560298366e-10,4.0880366560298366e-10,6.726424828248436e-10,3.604177616730489e-09
3.2752,4.436563202249879e-06,6.791044458932555e-10,3.6313613748138093e-09,4.1729622593574986e-10,4.1729622593574986e-10,6.791044458932555e-10,3.6313613748138093e-09
3.3119,4.273347023798537e-06,6.856078756003591e-10,3.6585512579259672e-09,4.2582714504236407e-10,4.2582714504236407e-10,6.856078756003591e-10,3.6585512579259672e-09
3.349,4.233897800979487e-06,6.921519333151768e-10,3.6857433790640256e-09,4.3439631788695204e-10,4.3439631788695204e-10,6.921519333151768e-10,3.6857433790640256e-09
3.3865,3.695156899450644e-06,6.987357781859702e-10,3.712933935296418e-09,4.4300363286441056e-10,4.4300363286441056e-10,6.987357781859702e-10,3.712933935296418e-09
3.4244,3.3151692339936134e-06,7.0535856731829e-10,3.740119206520731e-09,4.51648972355239e-10,4.51648972355239e-10,7.0535856731829e-10,3.740119206520731e-09
3.4628,3.2679098620103877e-06,7.120368056010711e-10,3.7673661264604655e-09,4.6035481604049737e-10,4.6035481604049737e-10,7.120368056010711e-10,3.7673661264604655e-09
3.5016,3.207739835286382e-06,7.18752129270579e-10,3.7945990382532534e-09,4.69098161635128e-10,4.69098161635128e-10,7.18752129270579e-10,3.7945990382532534e-09
3.5408000000000004,3.1622337620951144e-06,7.255036890070586e-10,3.821814483280933e-09,4.77878883625838e-10,4.77878883625838e-10,7.255036890070586e-10,3.821814483280933e-09
3.5805,3.03878558806136e-06,7.323077304592559e-10,3.849077379017241e-09,4.867190541551721e-10,4.867190541551721e-10,7.323077304592559e-10,3.849077379017241e-09
3.6206,2.9231475631917817e-06,7.391461348912291e-10,3.876314633893294e-09,4.955960789021063e-10,4.955960789021063e-10,7.391461348912291e-10,3.876314633893294e-09
3.6611,2.865129312257906e-06,7.460180483757053e-10,3.903523039725382e-09,5.04509826384712e-10,5.04509826384712e-10,7.460180483757053e-10,3.903523039725382e-09
3.7020999999999997,2.854848605705063e-06,7.529394546246851e-10,3.930765542869846e-09,5.134819825389996e-10,5.134819825389996e-10,7.529394546246851e-10,3.930765542869846e-09
3.7436,2.8464805887434464e-06,7.59909237699148e-10,3.9580369020683915e-09,5.225120397236698e-10,5.225120397236698e-10,7.59909237699148e-10,3.9580369020683915e-09
3.7855,2.8393876981759803e-06,7.669096148265877e-10,3.985267355169229e-09,5.315779218690745e-10,5.315779218690745e-10,7.669096148265877e-10,3.985267355169229e-09
3.8279,2.8067125843258587e-06,7.73956303647515e-10,4.012517938442087e-09,5.407009529290635e-10,5.407009529290635e-10,7.73956303647515e-10,4.012517938442087e-09
3.8708,2.210351908861312e-06,7.810481808786454e-10,4.039783715069033e-09,5.498806436199848e-10,5.498806436199848e-10,7.810481808786454e-10,4.039783715069033e-09
3.9141,2.080528102856802e-06,7.881677229582206e-10,4.06699735539746e-09,5.590952890504537e-10,5.590952890504537e-10,7.881677229582206e-10,4.06699735539746e-09
3.958,2.0586118679573302e-06,7.953466872803306e-10,4.094279825504981e-09,5.68386975354722e-10,5.68386975354722e-10,7.953466872803306e-10,4.094279825504981e-09
4.0023,2.030877868884544e-06,8.025512389870123e-10,4.121502192051531e-09,5.777129001673345e-10,5.777129001673345e-10,8.025512389870123e-10,4.121502192051531e-09
4.0470999999999995,2.0153372659558267e-06,8.097966459744665e-10,4.148722410653827e-09,5.870938211168609e-10,5.870938211168609e-10,8.097966459744665e-10,4.148722410653827e-09
4.0925,1.9754098707389704e-06,8.170978133512521e-10,4.175995772838156e-09,5.965500533925925e-10,5.965500533925925e-10,8.170978133512521e-10,4.175995772838156e-09
4.1383,1.929664711348799e-06,8.244214444726931e-10,4.2031977918938805e-09,6.060394882990232e-10,6.060394882990232e-10,8.244214444726931e-10,4.2031977918938805e-09
4.184699999999999,1.9017713214767436e-06,8.317983862834848e-10,4.2304430216790905e-09,6.156031216372154e-10,6.156031216372154e-10,8.317983862834848e-10,4.2304430216790905e-09
4.2315,1.7940231411709752e-06,8.391957074630529e-10,4.257609880206357e-09,6.251992918581479e-10,6.251992918581479e-10,8.391957074630529e-10,4.257609880206357e-09
4.278899999999999,1.733534332848432e-06,8.466438858783783e-10,4.284810424576165e-09,6.348685772837676e-10,6.348685772837676e-10,8.466438858783783e-10,4.284810424576165e-09
4.3268,1.7094663221588296e-06,8.54125933877781e-10,4.311982328205594e-09,6.445899956436817e-10,6.445899956436817e-10,8.54125933877781e-10,4.311982328205594e-09
4.3753,1.699982569602331e-06,8.616561962320201e-10,4.339177489231449e-09,6.543832694301177e-10,6.543832694301177e-10,8.616561962320201e-10,4.339177489231449e-09
4.424300000000001,1.6893033860513152e-06,8.692178707617877e-10,4.366335110040467e-09,6.64227641521734e-10,6.64227641521734e-10,8.692178707617877e-10,4.366335110040467e-09
4.4738999999999995,1.6671480649529398e-06,8.768251131431645e-10,4.3935060003572684e-09,6.741426472720601e-10,6.741426472720601e-10,8.768251131431645e-10,4.3935060003572684e-09
4.524,1.5691227234025733e-06,8.844613100735427e-10,4.4206308669583425e-09,6.841077489972606e-10,6.841077489972606e-10,8.844613100735427e-10,4.4206308669583425e-09
4.5747,1.3582486959698338e-06,8.921404276153118e-10,4.447759446915525e-09,6.941422984259806e-10,6.941422984259806e-10,8.921404276153118e-10,4.447759446915525e-09
4.6259,1.3128223181782003e-06,8.998460446023939e-10,4.474833926220592e-09,7.04225971849588e-10,7.04225971849588e-10,8.998460446023939e-10,4.474833926220592e-09
4.6777,1.2909060832787282e-06,9.075919370741198e-10,4.501902985171278e-09,7.143779408000939e-10,7.143779408000939e-10,9.075919370741198e-10,4.501902985171278e-09
4.7301,1.2826177617167463e-06,9.153766869982003e-10,4.5289615954751745e-09,7.245975462068613e-10,7.245975462068613e-10,9.153766869982003e-10,4.5289615954751745e-09
4.7831,1.2629329980070385e-06,9.231988768329636e-10,4.556004843195422e-09,7.348841391560961e-10,7.348841391560961e-10,9.231988768329636e-10,4.556004843195422e-09
4.836600000000001,1.2208538270000518e-06,9.310424780703042e-10,4.582977813130824e-09,7.452178116815644e-10,7.452178116815644e-10,9.310424780703042e-10,4.582977813130824e-09
4.8908000000000005,1.2200568730037074e-06,9.389353978249032e-10,4.609976647372443e-09,7.556365643193102e-10,7.556365643193102e-10,9.389353978249032e-10,4.609976647372443e-09
4.945600000000001,1.1573365934913998e-06,9.468615124145976e-10,4.63694604738315e-09,7.661204150288362e-10,7.661204150288362e-10,9.468615124145976e-10,4.63694604738315e-09
5.001,1.0412203962240145e-06,9.548194104171539e-10,4.663881545347576e-09,7.766687528008819e-10,7.766687528008819e-10,9.548194104171539e-10,4.663881545347576e-09
5.057,1.0133270063519592e-06,9.628076829715404e-10,4.69077878200437e-09,7.872809754598097e-10,7.872809754598097e-10,9.628076829715404e-10,4.69077878200437e-09
5.1136,9.921280300491968e-07,9.708249241814296e-10,4.717633505392271e-09,7.979564894247428e-10,7.979564894247428e-10,9.708249241814296e-10,4.717633505392271e-09
5.1709,9.464625660586602e-07,9.788837455555577e-10,4.7444881488625045e-09,8.087134387593252e-10,8.087134387593252e-10,9.788837455555577e-10,4.7444881488625045e-09
5.228800000000001,9.455859166626815e-07,9.869685323339344e-10,4.771290947524058e-09,8.195323430086481e-10,8.195323430086481e-10,9.869685323339344e-10,4.771290947524058e-09
5.2874,9.365006411043547e-07,9.950917004104024e-10,4.798083416891033e-09,8.304311911834966e-10,8.304311911834966e-10,9.950917004104024e-10,4.798083416891033e-09
5.3466000000000005,9.280529287431037e-07,1.003237843922835e-09,4.8248151726604996e-09,8.413906974201734e-10,8.413906974201734e-10,1.003237843922835e-09,4.8248151726604996e-09
5.4065,8.565661552710071e-07,1.0114191834543253e-09,4.85152682619693e-09,8.524286976558109e-10,8.524286976558109e-10,1.0114191834543253e-09,4.85152682619693e-09
5.4671,7.766874562174034e-07,1.0196340301268379e-09,4.8782131109916306e-09,8.635443974194129e-10,8.635443974194129e-10,1.0196340301268379e-09,4.8782131109916306e-09
5.5283,7.585726918804943e-07,1.0278672973964849e-09,4.9048256769958555e-09,8.747187964474207e-10,8.747187964474207e-10,1.0278672973964849e-09,4.9048256769958555e-09
5.590199999999999,7.313248347454779e-07,1.0361309130918964e-09,4.93140381146369e-09,8.859695056903469e-10,8.859695056903469e-10,1.0361309130918964e-09,4.93140381146369e-09
5.6528,7.236900154604981e-07,1.0444232028016659e-09,4.957942611251765e-09,8.972957619707629e-10,8.972957619707629e-10,1.0444232028016659e-09,4.957942611251765e-09
5.7161,7.160551961755185e-07,1.0527424975952203e-09,4.984437296242326e-09,9.08696812695392e-10,9.08696812695392e-10,1.0527424975952203e-09,4.984437296242326e-09
5.7802,7.082291079314159e-07,1.061100120891562e-09,5.010924264414389e-09,9.201898050347624e-10,9.201898050347624e-10,1.061100120891562e-09,5.010924264414389e-09
5.8449,7.10237432002204e-07,1.069468339069516e-09,5.037316338120548e-09,9.317381476416553e-10,9.317381476416553e-10,1.069468339069516e-09,5.037316338120548e-09
5.910399999999999,6.969043916433613e-07,1.0778713701932317e-09,5.0636906925395155e-09,9.433768178507348e-10,9.433768178507348e-10,1.0778713701932317e-09,5.0636906925395155e-09
5.9766,6.636714099957981e-07,1.0862945854862522e-09,5.090001984427927e-09,9.55087215453535e-10,9.55087215453535e-10,1.0862945854862522e-09,5.090001984427927e-09
6.0435,6.358258373635233e-07,1.0947363506890505e-09,5.1162460433851855e-09,9.668686390656802e-10,9.668686390656802e-10,1.0947363506890505e-09,5.1162460433851855e-09
6.1112,6.184761488631048e-07,1.103207500215628e-09,5.142457277015935e-09,9.787378897281438e-10,9.787378897281438e-10,1.103207500215628e-09,5.142457277015935e-09
6.1796999999999995,5.963686450045099e-07,1.1117060994432556e-09,5.168630227674765e-09,9.90694051654845e-10,9.90694051654845e-10,1.1117060994432556e-09,5.168630227674765e-09
6.2489,5.827646402869103e-07,1.1202179747491242e-09,5.194722121456444e-09,1.0027188826296403e-09,1.0027188826296403e-09,1.1202179747491242e-09,5.194722121456444e-09
6.318899999999999,5.696627165870077e-07,1.128753669346764e-09,5.220766226670134e-09,1.0148289823661653e-09,1.0148289823661653e-09,1.128753669346764e-09,5.220766226670134e-09
6.389600000000001,4.78913565023266e-07,1.1372992424245079e-09,5.246721020009728e-09,1.0270062830421913e-09,1.0270062830421913e-09,1.1372992424245079e-09,5.246721020009728e-09
6.4612,4.549969755929692e-07,1.1458769716086563e-09,5.272654998180953e-09,1.0392843617340538e-09,1.0392843617340538e-09,1.1458769716086563e-09,5.272654998180953e-09
6.533600000000001,4.3968748932319245e-07,1.1544728300875364e-09,5.298526413077948e-09,1.051645097070722e-09,1.051645097070722e-09,1.1544728300875364e-09,5.298526413077948e-09
6.6068,4.3336764413218113e-07,1.1630849431892422e-09,5.324330607130511e-09,1.0640876406447534e-09,1.0640876406447534e-09,1.1630849431892422e-09,5.324330607130511e-09
6.6808000000000005,4.338378469900242e-07,1.1717114483695914e-09,5.35006305340299e-09,1.076611154756122e-09,1.076611154756122e-09,1.1717114483695914e-09,5.35006305340299e-09
6.7556,4.2739845869956117e-07,1.1803504958432275e-09,5.375719354114631e-09,1.0892148122010556e-09,1.0892148122010556e-09,1.1803504958432275e-09,5.375719354114631e-09
6.8312,4.2001866469341166e-07,1.1890002492025983e-09,5.4012952391178316e-09,1.1018977960642807e-09,1.1018977960642807e-09,1.1890002492025983e-09,5.4012952391178316e-09
6.9078,4.1552384415402905e-07,1.1976814442704152e-09,5.426852833178504e-09,1.1146926339531774e-09,1.1146926339531774e-09,1.1976814442704152e-09,5.426852833178504e-09
6.9851,4.0063674350231485e-07,1.2063581106634572e-09,5.452287337743403e-09,1.127548310590458e-09,1.127548310590458e-09,1.2063581106634572e-09,5.452287337743403e-09
7.0634,4.06773289274167e-07,1.2150619666778084e-09,5.4776929070070396e-09,1.1405138260126378e-09,1.1405138260126378e-09,1.2150619666778084e-09,5.4776929070070396e-09
7.1425,3.9967242916673807e-07,1.2237686767518765e-09,5.502999537186705e-09,1.1535550723056097e-09,1.1535550723056097e-09,1.2237686767518765e-09,5.502999537186705e-09
7.2225,3.3704778413399174e-07,1.232487324092382e-09,5.5282349348146104e-09,1.1666876655974439e-09,1.1666876655974439e-09,1.232487324092382e-09,5.5282349348146104e-09
7.3034,3.3162052741888607e-07,1.2412158380952784e-09,5.553394275419027e-09,1.1799106388925703e-09,1.1799106388925703e-09,1.2412158380952784e-09,5.553394275419027e-09
7.3852,3.284645895933621e-07,1.2499521655610103e-09,5.578472876693826e-09,1.193223036687743e-09,1.193223036687743e-09,1.2499521655610103e-09,5.578472876693826e-09
7.467899999999999,2.744470477211357e-07,1.2586942714386082e-09,5.603466196928911e-09,1.2066239147792463e-09,1.2066239147792463e-09,1.2586942714386082e-09,5.603466196928911e-09
7.5515,2.4115827929382835e-07,1.267440139552105e-09,5.628369833385554e-09,1.2201123400714003e-09,1.2201123400714003e-09,1.267440139552105e-09,5.628369833385554e-09
7.636100000000001,2.3611356049696806e-07,1.2761980708974272e-09,5.65320866848795e-09,1.233703421020661e-09,1.233703421020661e-09,1.2761980708974272e-09,5.65320866848795e-09
7.7216000000000005,2.2818386823334087e-07,1.2849555727555551e-09,5.6779485796849535e-09,1.2473800779833116e-09,1.2473800779833116e-09,1.2849555727555551e-09,5.6779485796849535e-09
7.8081000000000005,2.3127604973915727e-07,1.2937207683913633e-09,5.702613889971468e-09,1.2611573045505612e-09,1.2611573045505612e-09,1.2937207683913633e-09,5.702613889971468e-09
7.8956,2.2773757399538797e-07,1.3024913956842035e-09,5.7271995043158e-09,1.2750340070469187e-09,1.2750340070469187e-09,1.3024913956842035e-09,5.7271995043158e-09
7.984,2.2756224411619216e-07,1.3112553557078248e-09,5.751673002304289e-09,1.288993346858269e-09,1.288993346858269e-09,1.3112553557078248e-09,5.751673002304289e-09
8.0734,2.3031173540358054e-07,1.3200205105885818e-09,5.7760578908686376e-09,1.3030501470592567e-09,1.3030501470592567e-09,1.3200205105885818e-09,5.7760578908686376e-09
8.1639,2.2405564653227666e-07,1.3287943082028106e-09,5.800376192613822e-09,1.317218972154908e-09,1.317218972154908e-09,1.3287943082028106e-09,5.800376192613822e-09
8.2553,2.177039231814114e-07,1.337555191389633e-09,5.824569669816924e-09,1.3314674636010593e-09,1.3314674636010593e-09,1.337555191389633e-09,5.824569669816924e-09
8.3478,2.0738336892875086e-07,1.3463201891954361e-09,5.848686921159858e-09,1.3458257658145158e-09,1.3458257658145158e-09,1.3463201891954361e-09,5.848686921159858e-09
8.4413,2.041477357035925e-07,1.3550775464915354e-09,5.8726970838111565e-09,1.3602772338298856e-09,1.3550775464915354e-09,1.3602772338298856e-09,5.8726970838111565e-09
8.5358,2.0652265861269888e-07,1.363825175572764e-09,5.896596109275233e-09,1.3748208566597245e-09,1.363825175572764e-09,1.3748208566597245e-09,5.896596109275233e-09
8.6314,2.0187641681401079e-07,1.372570109677106e-09,5.920404804683439e-09,1.3894709260953441e-09,1.372570109677106e-09,1.3894709260953441e-09,5.920404804683439e-09
8.7281,2.0119103637715456e-07,1.3813099904088464e-09,5.944118265066109e-09,1.404226257425343e-09,1.3813099904088464e-09,1.404226257425343e-09,5.944118265066109e-09
8.825899999999999,1.8172941978642328e-07,1.390042489618495e-09,5.967731747069652e-09,1.419085678557033e-09,1.390042489618495e-09,1.419085678557033e-09,5.967731747069652e-09
8.924700000000001,1.7022140407920955e-07,1.3987565448236394e-09,5.991217082057753e-09,1.4340329333689045e-09,1.3987565448236394e-09,1.4340329333689045e-09,5.991217082057753e-09
9.024700000000001,1.7071551555694308e-07,1.4074675309262e-09,6.014617382965337e-09,1.4490971320343743e-09,1.4074675309262e-09,1.4490971320343743e-09,6.014617382965337e-09
9.1258,1.6911363802429073e-07,1.4161643412892525e-09,6.03790442245815e-09,1.4642619781243868e-09,1.4161643412892525e-09,1.4642619781243868e-09,6.03790442245815e-09
9.228,1.7505094529705685e-07,1.424844777488993e-09,6.061074084451876e-09,1.4795263484827202e-09,1.424844777488993e-09,1.4795263484827202e-09,6.061074084451876e-09
9.331299999999999,1.5003455935180478e-07,1.4335066755687505e-09,6.084122404566189e-09,1.4948891317959068e-09,1.4335066755687505e-09,1.4948891317959068e-09,6.084122404566189e-09
9.435799999999999,1.4703004278558625e-07,1.4421561298837446e-09,6.1070673489780776e-09,1.5103640053357459e-09,1.4421561298837446e-09,1.5103640053357459e-09,6.1070673489780776e-09
9.5415,1.4593024627063092e-07,1.4507907241179888e-09,6.1299042019646625e-09,1.525949691679685e-09,1.4507907241179888e-09,1.525949691679685e-09,6.1299042019646625e-09
9.648399999999999,1.2830162387149183e-07,1.4594080801337865e-09,6.1526284156930915e-09,1.5416449263744462e-09,1.4594080801337865e-09,1.5416449263744462e-09,6.1526284156930915e-09
9.7565,1.2280264129671518e-07,1.4680058588879797e-09,6.175235608138478e-09,1.5574484578020165e-09,1.4680058588879797e-09,1.5574484578020165e-09,6.175235608138478e-09
9.8657,1.2317720967499707e-07,1.4765739685302956e-09,6.197701156797764e-09,1.573344521346664e-09,1.4765739685302956e-09,1.573344521346664e-09,6.197701156797764e-09
9.9762,1.202205103485592e-07,1.48512584324145e-09,6.22006214791327e-09,1.589361004220792e-09,1.48512584324145e-09,1.589361004220792e-09,6.22006214791327e-09
10.088,1.2012487586899786e-07,1.4936589456528169e-09,6.242313678821544e-09,1.605496505925847e-09,1.4936589456528169e-09,1.605496505925847e-09,6.242313678821544e-09
10.201,1.200611195492903e-07,1.5021633095795846e-09,6.264431615343446e-09,1.6217352997976505e-09,1.5021633095795846e-09,1.6217352997976505e-09,6.264431615343446e-09
10.315,1.0609848553333567e-07,1.510622070608135e-09,6.2863742090854145e-09,1.6380476402342054e-09,1.510622070608135e-09,1.6380476402342054e-09,6.2863742090854145e-09
10.431,9.413620604820558e-08,1.5191063906124497e-09,6.308327618504859e-09,1.6545748891070772e-09,1.5191063906124497e-09,1.6545748891070772e-09,6.308327618504859e-09
10.548,9.354646009091068e-08,1.5275401375508413e-09,6.330096453715309e-09,1.671172854448786e-09,1.5275401375508413e-09,1.671172854448786e-09,6.330096453715309e-09
10.666,9.550696692191802e-08,1.535921952671945e-09,6.351679537860676e-09,1.6878407530892986e-09,1.535921952671945e-09,1.6878407530892986e-09,6.351679537860676e-09
10.785,9.341097791153215e-08,1.5442505163653092e-09,6.373075788873848e-09,1.7045778095408038e-09,1.5442505163653092e-09,1.7045778095408038e-09,6.373075788873848e-09
10.906,9.592935253998058e-08,1.5525929783977253e-09,6.3944594262654735e-09,1.7215229993282323e-09,1.5525929783977253e-09,1.7215229993282323e-09,6.3944594262654735e-09
11.028,9.467016522575635e-08,1.560877604644865e-09,6.415648319732036e-09,1.7385346203019826e-09,1.560877604644865e-09,1.7385346203019826e-09,6.415648319732036e-09
11.152,9.597716977976124e-08,1.5691695730066142e-09,6.436810970105973e-09,1.755750469639889e-09,1.5691695730066142e-09,1.755750469639889e-09,6.436810970105973e-09
11.277,1.1198797556632109e-07,1.577399335970952e-09,6.457771702651165e-09,1.7730300801300404e-09,1.577399335970952e-09,1.7730300801300404e-09,6.457771702651165e-09
11.403,9.392899800915603e-08,1.585565816578854e-09,6.4785301319813084e-09,1.7903727347769642e-09,1.585565816578854e-09,1.7903727347769642e-09,6.4785301319813084e-09
11.531,7.140149939448766e-08,1.5937312657249185e-09,6.499246366415696e-09,1.8079144732172293e-09,1.5937312657249185e-09,1.8079144732172293e-09,6.499246366415696e-09
11.66,6.917480992870129e-08,1.6018293825293868e-09,6.51975408183928e-09,1.8255166624329594e-09,1.6018293825293868e-09,1.8255166624329594e-09,6.51975408183928e-09
11.79,7.005942886464362e-08,1.6098592358075823e-09,6.540053249855593e-09,1.8431786162781183e-09,1.6098592358075823e-09,1.8431786162781183e-09,6.540053249855593e-09
11.922,6.026247338758139e-08,1.6178802034587572e-09,6.560295889384811e-09,1.861034636210455e-09,1.6178802034587572e-09,1.861034636210455e-09,6.560295889384811e-09
12.056,5.296875041303704e-08,1.625888453721191e-09,6.580473890816622e-09,1.879082293905635e-09,1.625888453721191e-09,1.879082293905635e-09,6.580473890816622e-09
12.191,5.145931954396067e-08,1.6338219588502178e-09,6.600432927186591e-09,1.8971853741910574e-09,1.6338219588502178e-09,1.8971853741910574e-09,6.600432927186591e-09
12.328,5.3380775629147126e-08,1.6417372893472766e-09,6.6203173025367885e-09,1.9154764591231294e-09,1.6417372893472766e-09,1.9154764591231294e-09,6.6203173025367885e-09
12.466,5.349713091261341e-08,1.6495745305624285e-09,6.639978480523729e-09,1.9338205339616268e-09,1.6495745305624285e-09,1.9338205339616268e-09,6.639978480523729e-09
12.605,5.023758906756464e-08,1.6573330755493154e-09,6.6594171958038104e-09,1.9522169813927764e-09,1.6573330755493154e-09,1.9522169813927764e-09,6.6594171958038104e-09
12.746,4.8681934866700295e-08,1.6650667270907241e-09,6.678770214304509e-09,1.9707966737968236e-09,1.6650667270907241e-09,1.9707966737968236e-09,6.678770214304509e-09
12.889,4.970044207402848e-08,1.6727720875209701e-09,6.698030762711438e-09,1.9895572822317616e-09,1.6727720875209701e-09,1.9895572822317616e-09,6.698030762711438e-09
13.034,4.69660929125707e-08,1.6804458399752208e-09,6.7171923186997925e-09,2.0084964940960385e-09,1.6804458399752208e-09,2.0084964940960385e-09,6.7171923186997925e-09
13.18,4.678438740140417e-08,1.6880332576204717e-09,6.736120211616792e-09,2.0274822620134005e-09,1.6880332576204717e-09,2.0274822620134005e-09,6.736120211616792e-09
13.327,5.012362464608738e-08,1.6955340221914839e-09,6.754815787645497e-09,2.0465140273831283e-09,1.6955340221914839e-09,2.0465140273831283e-09,6.754815787645497e-09
13.476,4.896724439739159e-08,1.7029974818113572e-09,6.773403986666625e-09,2.065719851547661e-09,1.7029974818113572e-09,2.065719851547661e-09,6.773403986666625e-09
13.627,5.383663331505615e-08,1.7104206280168435e-09,6.7918791061975705e-09,2.0850974871294173e-09,1.7104206280168435e-09,2.0850974871294173e-09,6.7918791061975705e-09
13.78,4.9940325226928164e-08,1.7178005381733996e-09,6.810235680665323e-09,2.1046447032634427e-09,1.7178005381733996e-09,2.1046447032634427e-09,6.810235680665323e-09
13.934,3.239378908941257e-08,1.7250875156335158e-09,6.828352002172458e-09,2.124232376674919e-09,1.7250875156335158e-09,2.124232376674919e-09,6.828352002172458e-09
14.09,3.0574343115758196e-08,1.7323274899141944e-09,6.846344143524931e-09,2.1439863514285366e-09,1.7323274899141944e-09,2.1439863514285366e-09,6.846344143524931e-09
14.248,3.1296383436446264e-08,1.7395177841126875e-09,6.864207250056935e-09,2.163904445305498e-09,1.7395177841126875e-09,2.163904445305498e-09,6.864207250056935e-09
14.408,2.973833837359288e-08,1.746655810236577e-09,6.881936691725898e-09,2.1839844927527707e-09,1.746655810236577e-09,2.1839844927527707e-09,6.881936691725898e-09
14.569,3.0760033396906457e-08,1.7536957847057687e-09,6.899420563068508e-09,2.204099686545263e-09,1.7536957847057687e-09,2.204099686545263e-09,6.899420563068508e-09
14.732,2.9001952880970614e-08,1.760680336343325e-09,6.916766513012741e-09,2.224373673431177e-09,1.760680336343325e-09,2.224373673431177e-09,6.916766513012741e-09
14.897,2.575197448387798e-08,1.7676071263368827e-09,6.933970480545845e-09,2.244804335929959e-09,1.7676071263368827e-09,2.244804335929959e-09,6.933970480545845e-09
15.064,2.4075980229565616e-08,1.7744739062026769e-09,6.951028615294918e-09,2.2653895731945733e-09,1.7744739062026769e-09,2.2653895731945733e-09,6.951028615294918e-09
15.233,2.3794655468856025e-08,1.7812785181667892e-09,6.967937274052679e-09,2.2861273010505564e-09,1.7812785181667892e-09,2.2861273010505564e-09,6.967937274052679e-09
15.404,2.3963609716081048e-08,1.7880188954263681e-09,6.984693017178585e-09,2.3070154520203874e-09,1.7880188954263681e-09,2.3070154520203874e-09,6.984693017178585e-09
15.576,2.401780258783247e-08,1.7946548965404018e-09,7.001197653838571e-09,2.327930651731716e-09,1.7946548965404018e-09,2.327930651731716e-09,7.001197653838571e-09
15.751,2.345834088239867e-08,1.8012617942780263e-09,7.017640034282401e-09,2.3491140662848937e-09,1.8012617942780263e-09,2.3491140662848937e-09,7.017640034282401e-09
15.927,2.3885508224439294e-08,1.8077622674157597e-09,7.033829327213927e-09,2.370321578686571e-09,1.8077622674157597e-09,2.370321578686571e-09,7.033829327213927e-09
16.105,2.4239355798816226e-08,1.8141927525300485e-09,7.049857733097625e-09,2.3916725083744305e-09,1.8141927525300485e-09,2.3916725083744305e-09,7.049857733097625e-09
16.286,1.7817500496272707e-08,1.8205865390530599e-09,7.065809875759282e-09,2.4132839954625965e-09,1.8205865390530599e-09,2.4132839954625965e-09,7.065809875759282e-09
16.468,1.694642977826823e-08,1.8268714335482492e-09,7.081507122312398e-09,2.4349152676429566e-09,1.8268714335482492e-09,2.4349152676429566e-09,7.081507122312398e-09
16.653,1.68651404706411e-08,1.8331150614623702e-09,7.0971198255063466e-09,2.4568020799848727e-09,1.8331150614623702e-09,2.4568020799848727e-09,7.0971198255063466e-09
16.839,1.6626054271737765e-08,1.8392485580926758e-09,7.112477181108801e-09,2.4787058797458982e-09,1.8392485580926758e-09,2.4787058797458982e-09,7.112477181108801e-09
17.028,1.6210044285645965e-08,1.8453366126006165e-09,7.127742516647179e-09,2.5008602731782477e-09,1.8453366126006165e-09,2.5008602731782477e-09,7.127742516647179e-09
17.218,1.5955019006815742e-08,1.851313610256806e-09,7.142752607122866e-09,2.523028916241103e-09,1.851313610256806e-09,2.523028916241103e-09,7.142752607122866e-09
17.411,1.592951647893272e-08,1.8572413782067885e-09,7.157663970421935e-09,2.545443277047204e-09,1.8572413782067885e-09,2.545443277047204e-09,7.157663970421935e-09
17.606,1.5620298328351077e-08,1.8630870856256746e-09,7.172395415654571e-09,2.5679845370120193e-09,1.8630870856256746e-09,2.5679845370120193e-09,7.172395415654571e-09
17.803,1.5108653862697947e-08,1.868849821256888e-09,7.1869457861364655e-09,2.5906508426133e-09,1.868849821256888e-09,2.5906508426133e-09,7.1869457861364655e-09
18.003,1.2519350328574852e-08,1.8745569395047217e-09,7.201385451954765e-09,2.6135546075051492e-09,1.8745569395047217e-09,2.6135546075051492e-09,7.201385451954765e-09
18.205,1.2638096474030175e-08,1.880178110843248e-09,7.2156389272608535e-09,2.6365786866377194e-09,1.880178110843248e-09,2.6365786866377194e-09,7.2156389272608535e-09
18.408,1.2509786880618719e-08,1.8856859154771654e-09,7.229637401794348e-09,2.6596081010503224e-09,1.8856859154771654e-09,2.6596081010503224e-09,7.229637401794348e-09
18.615,1.2727355321620752e-08,1.891160163904008e-09,7.243584857953484e-09,2.6829806001254477e-09,1.891160163904008e-09,2.6829806001254477e-09,7.243584857953484e-09
18.823,1.188736580947371e-08,1.896520019583535e-09,7.257276416301918e-09,2.7063548799866126e-09,1.896520019583535e-09,2.7063548799866126e-09,7.257276416301918e-09
19.034,1.141078731965973e-08,1.9018166477409434e-09,7.270843530195921e-09,2.729953944198813e-09,1.9018166477409434e-09,2.729953944198813e-09,7.270843530195921e-09
19.247,1.1318340656083775e-08,1.907023653632735e-09,7.284219543565358e-09,2.7536634155295873e-09,1.907023653632735e-09,2.7536634155295873e-09,7.284219543565358e-09
19.463,1.1397239101721875e-08,1.912164303915129e-09,7.297465111459028e-09,2.7775920933283503e-09,1.912164303915129e-09,2.7775920933283503e-09,7.297465111459028e-09
19.681,1.1411584273656076e-08,1.917213715939804e-09,7.31051693882767e-09,2.8016267016547324e-09,1.917213715939804e-09,2.8016267016547324e-09,7.31051693882767e-09
19.901,1.1406005595681664e-08,1.9221718519198117e-09,7.323375384533064e-09,2.825765559023661e-09,1.9221718519198117e-09,2.825765559023661e-09,7.323375384533064e-09
20.124,9.490925142465968e-09,1.9270603614132266e-09,7.3360972698564035e-09,2.850115931279424e-09,1.9270603614132266e-09,2.850115931279424e-09,7.3360972698564035e-09
20.349,9.18967653184777e-09,1.931856526527269e-09,7.348624075783417e-09,2.8745661853368745e-09,1.931856526527269e-09,2.8745661853368745e-09,7.348624075783417e-09
20.577,9.262996299511458e-09,1.936580972386153e-09,7.361010195821115e-09,2.8992225712198676e-09,1.936580972386153e-09,2.8992225712198676e-09,7.361010195821115e-09
20.808,9.574605312082135e-09,1.9412322212367623e-09,7.373252514547703e-09,2.9240819016084067e-09,1.9412322212367623e-09,2.9240819016084067e-09,7.373252514547703e-09
21.041,1.0338884194576453e-08,1.94578964318202e-09,7.385297096882749e-09,2.9490341810276178e-09,1.94578964318202e-09,2.9490341810276178e-09,7.385297096882749e-09
21.277,8.539362070830702e-09,1.9502724029133575e-09,7.397194871920034e-09,2.974184142462272e-09,1.9502724029133575e-09,2.974184142462272e-09,7.397194871920034e-09
21.515,7.782096383504216e-09,1.9546611919977757e-09,7.408894792516048e-09,2.9994228775161073e-09,1.9546611919977757e-09,2.9994228775161073e-09,7.408894792516048e-09
21.756,7.767033952973305e-09,1.9589742322457564e-09,7.420445548512592e-09,3.0248541114777634e-09,1.9589742322457564e-09,3.0248541114777634e-09,7.420445548512592e-09
22.0,7.776039533131997e-09,1.9632105853764837e-09,7.431844989024934e-09,3.050474761969219e-09,1.9632105853764837e-09,3.050474761969219e-09,7.431844989024934e-09
22.246,7.860436961344873e-09,1.9673528462235664e-09,7.443046218325766e-09,3.0761775450519376e-09,1.9673528462235664e-09,3.0761775450519376e-09,7.443046218325766e-09
22.495,7.170354495910219e-09,1.971417898342985e-09,7.454094740913058e-09,3.1020646832224617e-09,1.971417898342985e-09,3.1020646832224617e-09,7.454094740913058e-09
22.747,6.902657648538121e-09,1.975405106332537e-09,7.46498893458513e-09,3.128133157935421e-09,1.975405106332537e-09,3.128133157935421e-09,7.46498893458513e-09
23.002,6.93955661856887e-09,1.979313940574997e-09,7.475727363955737e-09,3.1543799724431314e-09,1.979313940574997e-09,3.1543799724431314e-09,7.475727363955737e-09
23.259,6.979882490783899e-09,1.98312936682392e-09,7.486268300757614e-09,3.180699997299002e-09,1.98312936682392e-09,3.180699997299002e-09,7.486268300757614e-09
23.52,7.064997177593485e-09,1.9868807441503176e-09,7.496692682039726e-09,3.2072951054093306e-09,1.9868807441503176e-09,3.2072951054093306e-09,7.496692682039726e-09
23.783,7.252520452933332e-09,1.9905390763730898e-09,7.506919672307876e-09,3.233958569982728e-09,1.9905390763730898e-09,3.233958569982728e-09,7.506919672307876e-09
24.05,6.272585819028206e-09,1.9941320435511732e-09,7.517026285024468e-09,3.260890247183437e-09,1.9941320435511732e-09,3.260890247183437e-09,7.517026285024468e-09
24.319,6.432295399895632e-09,1.9976326694902218e-09,7.526936184773689e-09,3.287885513191677e-09,1.9976326694902218e-09,3.287885513191677e-09,7.526936184773689e-09
24.592,5.987116897537626e-09,2.001067022718545e-09,7.536722605958246e-09,3.3151422132071297e-09,2.001067022718545e-09,3.3151422132071297e-09,7.536722605958246e-09
24.867,6.0225813503749545e-09,2.0044100562417135e-09,7.54631352545307e-09,3.3424578207911915e-09,2.0044100562417135e-09,3.3424578207911915e-09,7.54631352545307e-09
25.146,6.2858949507671575e-09,2.0076862940751726e-09,7.55577854139926e-09,3.3700281767684787e-09,2.0076862940751726e-09,3.3700281767684787e-09,7.55577854139926e-09
25.427,5.645781500903301e-09,2.0108725271946165e-09,7.565049757329825e-09,3.3976528454611767e-09,2.0108725271946165e-09,3.3976528454611767e-09,7.565049757329825e-09
25.712,5.623546484405291e-09,2.013991801447844e-09,7.574193275879985e-09,3.425525670661741e-09,2.013991801447844e-09,3.425525670661741e-09,7.574193275879985e-09
26.0,6.017879321796521e-09,2.0170330261066938e-09,7.583175896427591e-09,3.4535453376453918e-09,2.0170330261066938e-09,3.4535453376453918e-09,7.583175896427591e-09
26.291,6.201178740955744e-09,2.0199967208097845e-09,7.591997996950482e-09,3.481709118498432e-09,2.0199967208097845e-09,3.481709118498432e-09,7.591997996950482e-09
26.586,6.339609650120773e-09,2.0228931113360115e-09,7.600689112970703e-09,3.51011033071797e-09,2.0228931113360115e-09,3.51011033071797e-09,7.600689112970703e-09
26.883,5.433951128674948e-09,2.025703219201565e-09,7.609190940576511e-09,3.5385537411011652e-09,2.025703219201565e-09,3.5385537411011652e-09,7.609190940576511e-09
27.185,5.402630836618612e-09,2.028455643805316e-09,7.617588889381394e-09,3.56732324230097e-09,2.028455643805316e-09,3.56732324230097e-09,7.617588889381394e-09
27.489,5.451404421194892e-09,2.0311233224436485e-09,7.625799183112537e-09,3.5961296514188534e-09,2.0311233224436485e-09,3.5961296514188534e-09,7.625799183112537e-09
27.797,6.4793156856799545e-09,2.033724677138137e-09,7.633876839797123e-09,3.6251598768120044e-09,2.033724677138137e-09,3.6251598768120044e-09,7.633876839797123e-09
28.108,5.9237590548282416e-09,2.036251693198362e-09,7.64179555969606e-09,3.654316322700229e-09,2.036251693198362e-09,3.654316322700229e-09,7.64179555969606e-09
28.423,6.751395780031946e-09,2.0387130076585526e-09,7.649580881774395e-09,3.6836894248933954e-09,2.0387130076585526e-09,3.6836894248933954e-09,7.649580881774395e-09
28.741,7.983885135378628e-09,2.0411013821869033e-09,7.657208286439208e-09,3.713182644972917e-09,2.0411013821869033e-09,3.713182644972917e-09,7.657208286439208e-09
29.063,1.153590909708581e-08,2.0434249755487374e-09,7.6647020935904e-09,3.74288546571434e-09,2.0434249755487374e-09,3.74288546571434e-09,7.6647020935904e-09
29.389,5.889330642186163e-09,2.045684066217955e-09,7.672061706528846e-09,3.772793898034913e-09,2.045684066217955e-09,3.772793898034913e-09,7.672061706528846e-09
29.718,2.342805663053758e-10,2.0478725008803305e-09,7.6792651314513e-09,3.802812986936966e-09,2.0478725008803305e-09,3.802812986936966e-09,7.6792651314513e-09
30.051,2.551687305495637e-10,2.049997769036061e-09,7.686334965987812e-09,3.83303079219731e-09,2.049997769036061e-09,3.83303079219731e-09,7.686334965987812e-09
30.387,2.703188260200715e-10,2.0520543717674736e-09,7.693250773435753e-09,3.863353410684746e-09,2.0520543717674736e-09,3.863353410684746e-09,7.693250773435753e-09
30.728,2.7875856884135924e-10,2.0540551105086803e-09,7.700053679913656e-09,3.893957457037724e-09,2.0540551105086803e-09,3.893957457037724e-09,7.700053679913656e-09
31.072,2.808306492318547e-10,2.055988867040894e-09,7.706703862493281e-09,3.9246595843125936e-09,2.055988867040894e-09,3.9246595843125936e-09,7.706703862493281e-09
31.42,3.3303910553237914e-10,2.057862308562526e-09,7.713221783629878e-09,3.955545967749299e-09,2.057862308562526e-09,3.955545967749299e-09,7.713221783629878e-09
31.772,4.907403623290174e-10,2.0596761694201313e-09,7.719607768738565e-09,3.986612814501909e-09,2.0596761694201313e-09,3.986612814501909e-09,7.719607768738565e-09
32.128,2.0882585566213436e-10,2.061431239948046e-09,7.725862264225755e-09,4.017856360843448e-09,2.061431239948046e-09,4.017856360843448e-09,7.725862264225755e-09
32.488,7.098070768441778e-12,2.0631283625129075e-09,7.73198583161806e-09,4.04927287236981e-09,2.0631283625129075e-09,4.04927287236981e-09,7.73198583161806e-09
32.852,7.560144695522288e-12,2.064768427602156e-09,7.737979141767828e-09,4.080858644180166e-09,2.064768427602156e-09,4.080858644180166e-09,7.737979141767828e-09
33.219,8.870097979313647e-12,2.0663481637494613e-09,7.743827294475394e-09,4.11252396541901e-09,2.0663481637494613e-09,4.11252396541901e-09,7.743827294475394e-09
33.592,5.887019475596764e-12,2.0678811648224682e-09,7.749578186217968e-09,4.144523297493791e-09,2.0678811648224682e-09,4.144523297493791e-09,7.749578186217968e-09
33.968,5.9257514398191045e-12,2.0693558241318345e-09,7.755185757947188e-09,4.1765949180308125e-09,2.0693558241318345e-09,4.1765949180308125e-09,7.755185757947188e-09
34.348,7.181591547258678e-12,2.0707773929515995e-09,7.760666736370902e-09,4.208821277134571e-09,2.0707773929515995e-09,4.208821277134571e-09,7.760666736370902e-09
34.733,6.19161529299961e-12,2.072150427289853e-09,7.766035967633728e-09,4.241282891179897e-09,2.072150427289853e-09,4.241282891179897e-09,7.766035967633728e-09
35.122,2.390065035036984e-12,2.073472216341361e-09,7.771280033510487e-09,4.273891185549407e-09,2.073472216341361e-09,4.273891185549407e-09,7.771280033510487e-09
35.515,2.6827862378942977e-12,2.0747439021970664e-09,7.776400254031605e-09,4.306642668472891e-09,2.0747439021970664e-09,4.306642668472891e-09,7.776400254031605e-09
35.913,1.734251591445142e-12,2.075969649785114e-09,7.781410387901955e-09,4.339616484314946e-09,2.075969649785114e-09,4.339616484314946e-09,7.781410387901955e-09
36.315,1.6986277478085454e-12,2.07714733767433e-09,7.786298665444696e-09,4.372725623337721e-09,2.07714733767433e-09,4.372725623337721e-09,7.786298665444696e-09
36.722,1.6878688688578955e-12,2.078280887707673e-09,7.791078165429126e-09,4.4060483202860184e-09,2.078280887707673e-09,4.4060483202860184e-09,7.791078165429126e-09
37.133,1.6435582266611442e-12,2.079368529098123e-09,7.795738140993114e-09,4.4394986071177785e-09,2.079368529098123e-09,4.4394986071177785e-09,7.795738140993114e-09
37.549,1.6331181293090321e-12,2.0804139491074186e-09,7.80029101563744e-09,4.473153812438171e-09,2.0804139491074186e-09,4.473153812438171e-09,7.80029101563744e-09
37.97,1.7304262122626884e-12,2.0814180138715995e-09,7.804737371625475e-09,4.507009182899556e-09,2.0814180138715995e-09,4.507009182899556e-09,7.804737371625475e-09
38.395,1.5475252701016388e-12,2.0823794184739588e-09,7.80906788651766e-09,4.540980310934406e-09,2.0823794184739588e-09,4.540980310934406e-09,7.80906788651766e-09
38.825,1.2629329980070382e-12,2.083301521229087e-09,7.813294061319578e-09,4.575143173388819e-09,2.083301521229087e-09,4.575143173388819e-09,7.813294061319578e-09
39.26,1.2328878323448527e-12,2.0841852567235405e-09,7.817416737250986e-09,4.609493124483981e-09,2.0841852567235405e-09,4.609493124483981e-09,7.817416737250986e-09
39.7,1.199415764498386e-12,2.0850315803701337e-09,7.821436841135407e-09,4.6440255553017785e-09,2.0850315803701337e-09,4.6440255553017785e-09,7.821436841135407e-09
40.145,1.188258408549564e-12,2.0858414649822976e-09,7.825355379847198e-09,4.678735894134161e-09,2.0858414649822976e-09,4.678735894134161e-09,7.825355379847198e-09
40.594,1.297839583046925e-12,2.0866142243604233e-09,7.829165107043625e-09,4.713542326937522e-09,2.0866142243604233e-09,4.713542326937522e-09,7.829165107043625e-09
41.049,1.062100590928239e-12,2.087354295102663e-09,7.832884136062258e-09,4.748595397416079e-09,2.087354295102663e-09,4.748595397416079e-09,7.832884136062258e-09
41.509,1.0075092421786444e-12,2.088060913187058e-09,7.836505037877476e-09,4.783812886279902e-09,2.088060913187058e-09,4.783812886279902e-09,7.836505037877476e-09
41.974,1.06839652749936e-12,2.0887350895583395e-09,7.84002908679007e-09,4.8191903734792656e-09,2.0887350895583395e-09,4.8191903734792656e-09,7.84002908679007e-09
42.444,8.860534531357514e-13,2.089377837463979e-09,7.843457611371672e-09,4.854723477471879e-09,2.089377837463979e-09,4.854723477471879e-09,7.843457611371672e-09
42.919,9.161783141975712e-13,2.0899901698644113e-09,7.846791989740772e-09,4.890407855401374e-09,2.0899901698644113e-09,4.890407855401374e-09,7.846791989740772e-09
43.4,1.0656868839117887e-12,2.090574275280331e-09,7.850040268099593e-09,4.9263136139674555e-09,2.090574275280331e-09,4.9263136139674555e-09,7.850040268099593e-09
43.886,6.917720079069032e-13,2.0911298418696413e-09,7.853196779297467e-09,4.962361126827854e-09,2.0911298418696413e-09,4.962361126827854e-09,7.853196779297467e-09
44.377,6.936528193382762e-13,2.0916578779728593e-09,7.856263048041865e-09,4.998546171358932e-09,2.0916578779728593e-09,4.998546171358932e-09,7.856263048041865e-09
44.874,6.867511977299332e-13,2.0921603622831317e-09,7.859246515438825e-09,5.034937550142063e-09,2.0921603622831317e-09,5.034937550142063e-09,7.859246515438825e-09
45.377,6.263899020468051e-13,2.0926381031500656e-09,7.862148074287946e-09,5.0715296997367e-09,2.0926381031500656e-09,5.0715296997367e-09,7.862148074287946e-09
45.885,7.119110353945273e-13,2.0930910503373753e-09,7.864963255437485e-09,5.108245063098191e-09,2.0930910503373753e-09,5.108245063098191e-09,7.864963255437485e-09
46.399,5.277349668393265e-13,2.0935209906297803e-09,7.867698946955463e-09,5.145151149755264e-09,2.0935209906297803e-09,5.145151149755264e-09,7.867698946955463e-09
46.919,5.068786807549925e-13,2.09392873112425e-09,7.870356211492316e-09,5.182242529554152e-09,2.09392873112425e-09,5.182242529554152e-09,7.870356211492316e-09
47.444,4.961596495041597e-13,2.0943143661070087e-09,7.872931360926804e-09,5.219443194839404e-09,2.0943143661070087e-09,5.219443194839404e-09,7.872931360926804e-09
47.976,4.705296089817225e-13,2.094680163213192e-09,7.875435366195419e-09,5.2568895245992015e-09,2.094680163213192e-09,5.2568895245992015e-09,7.875435366195419e-09
48.513,4.80419808076357e-13,2.0950255360119455e-09,7.877860009809639e-09,5.294435449238255e-09,2.0950255360119455e-09,5.294435449238255e-09,7.877860009809639e-09
49.057,4.3702566297540204e-13,2.0953525549187276e-09,7.880215568128444e-09,5.33221556029685e-09,2.0953525549187276e-09,5.33221556029685e-09,7.880215568128444e-09
49.606,4.1826536590145386e-13,2.0956607886122426e-09,7.882494653903136e-09,5.370085760562011e-09,2.0956607886122426e-09,5.370085760562011e-09,7.882494653903136e-09
50.162,4.0860628346575926e-13,2.095952122686033e-09,7.88470688372328e-09,5.408178861382951e-09,2.095952122686033e-09,5.408178861382951e-09,7.88470688372328e-09
50.723,3.9975212456637253e-13,2.0962262559562087e-09,7.886845632993272e-09,5.446352732985337e-09,2.0962262559562087e-09,5.446352732985337e-09,7.886845632993272e-09
51.292,4.032188744504708e-13,2.09648534059245e-09,7.888923465749957e-09,5.48480576219748e-09,2.09648534059245e-09,5.48480576219748e-09,7.888923465749957e-09
51.866,3.5497924905174167e-13,2.096728683106018e-09,7.890930578859461e-09,5.523329504518486e-09,2.096728683106018e-09,5.523329504518486e-09,7.890930578859461e-09
52.447,3.454875269552794e-13,2.096957840504141e-09,7.892875385433583e-09,5.5620532363609175e-09,2.096957840504141e-09,5.5620532363609175e-09,7.892875385433583e-09
53.034,3.3370854688930847e-13,2.0971730663065074e-09,7.894755748936879e-09,5.6009047065640754e-09,2.0971730663065074e-09,5.6009047065640754e-09,7.894755748936879e-09
53.628,3.271974327391744e-13,2.097375362939779e-09,7.89657611298573e-09,5.639944554160986e-09,2.097375362939779e-09,5.639944554160986e-09,7.89657611298573e-09
54.229,3.1486855441572586e-13,2.0975653144181233e-09,7.898337537316284e-09,5.679166590327977e-09,2.0975653144181233e-09,5.679166590327977e-09,7.898337537316284e-09
54.837,3.05671705297911e-13,2.09774349394484e-09,7.900041114773232e-09,5.718564681421876e-09,2.09774349394484e-09,5.718564681421876e-09,7.900041114773232e-09
55.451,2.981723681923098e-13,2.097910201554615e-09,7.901685349784787e-09,5.75806864084052e-09,2.097910201554615e-09,5.75806864084052e-09,7.901685349784787e-09
56.072,2.951519125461644e-13,2.098066285772485e-09,7.903274241301409e-09,5.797737475400596e-09,2.098066285772485e-09,5.797737475400596e-09,7.903274241301409e-09
56.7,2.8511029219222443e-13,2.0982122772133432e-09,7.90480894471832e-09,5.837565218222492e-09,2.0982122772133432e-09,5.837565218222492e-09,7.90480894471832e-09
57.335,2.8885597597504333e-13,2.0983486921278635e-09,7.90629063395238e-09,5.8775459595842785e-09,2.0983486921278635e-09,5.8775459595842785e-09,7.90629063395238e-09
57.977,2.648676606850756e-13,2.0984760317500043e-09,7.907720498089695e-09,5.917673847374757e-09,2.0984760317500043e-09,5.917673847374757e-09,7.907720498089695e-09
58.626,2.5222000076308927e-13,2.098594781757151e-09,7.90909973819797e-09,5.957943087503726e-09,2.098594781757151e-09,5.957943087503726e-09,7.90909973819797e-09
59.283,2.453422877746367e-13,2.0987055736504217e-09,7.910431543797848e-09,5.99840930976135e-09,2.0987055736504217e-09,5.99840930976135e-09,7.910431543797848e-09
59.947,2.413814264128048e-13,2.0988086732241736e-09,7.911714967005205e-09,6.039004563460091e-09,2.0988086732241736e-09,6.039004563460091e-09,7.911714967005205e-09
60.619,2.4005848277887304e-13,2.098904656926082e-09,7.91295303700433e-09,6.079783691138472e-09,2.098904656926082e-09,6.079783691138472e-09,7.91295303700433e-09
61.297,2.274666096366308e-13,2.0989936623780125e-09,7.91414330303135e-09,6.120619771509681e-09,2.0989936623780125e-09,6.120619771509681e-09,7.91414330303135e-09
61.984,2.2608787922295495e-13,2.09907647496999e-09,7.915292144924386e-09,6.1616873259816095e-09,2.09907647496999e-09,6.1616873259816095e-09,7.915292144924386e-09
62.678,2.1559996463106208e-13,2.099153214087728e-09,7.916397211090029e-09,6.20286001211497e-09,2.099153214087728e-09,6.20286001211497e-09,7.916397211090029e-09
63.38,2.2148945466404754e-13,2.0992243527029937e-09,7.917461218327654e-09,6.24419111468404e-09,2.0992243527029937e-09,6.24419111468404e-09,7.917461218327654e-09
64.09,1.9134068498233726e-13,2.0992902250821276e-09,7.918485180247987e-09,6.2856739811309054e-09,2.0992902250821276e-09,6.2856739811309054e-09,7.918485180247987e-09
64.808,1.9008149766811304e-13,2.0993511523764024e-09,7.91947011786261e-09,6.327302026527035e-09,2.0993511523764024e-09,6.327302026527035e-09,7.91947011786261e-09
65.534,1.924086033374388e-13,2.099407442507123e-09,7.920417056940309e-09,6.369068734152009e-09,2.099407442507123e-09,6.369068734152009e-09,7.920417056940309e-09
66.268,1.9673606353758915e-13,2.099459390123769e-09,7.921327025519293e-09,6.410967656019431e-09,2.099459390123769e-09,6.410967656019431e-09,7.921327025519293e-09
67.01,1.591278044500949e-13,2.0995072766291362e-09,7.922201051573026e-09,6.4529924133521865e-09,2.0995072766291362e-09,6.4529924133521865e-09,7.922201051573026e-09
67.761,1.5543790744702013e-13,2.0995514263407463e-09,7.923041250964158e-09,6.4951926674858295e-09,2.0995514263407463e-09,6.4951926674858295e-09,7.923041250964158e-09
68.52,1.539077557740388e-13,2.0995920282618792e-09,7.923847444410551e-09,6.537505322221792e-09,2.0995920282618792e-09,6.537505322221792e-09,7.923847444410551e-09
69.287,1.5222618284175201e-13,2.0996293260249933e-09,7.924620654575611e-09,6.579924212528921e-09,2.0996293260249933e-09,6.579924212528921e-09,7.924620654575611e-09
70.063,1.3786507182762516e-13,2.099663592607665e-09,7.92536282725546e-09,6.622497887194172e-09,2.099663592607665e-09,6.622497887194172e-09,7.92536282725546e-09
70.848,1.3917207638163e-13,2.0996950347295665e-09,7.926074822240213e-09,6.66521900248451e-09,2.0996950347295665e-09,6.66521900248451e-09,7.926074822240213e-09
71.641,1.5287171557879102e-13,2.0997238144554554e-09,7.92675666411618e-09,6.708026530548674e-09,2.0997238144554554e-09,6.708026530548674e-09,7.92675666411618e-09
72.444,1.2450015330892885e-13,2.099750190681037e-09,7.92741093210027e-09,6.7510212482903175e-09,2.099750190681037e-09,6.7510212482903175e-09,7.92741093210027e-09
73.255,1.1068097101231622e-13,2.0997742737678766e-09,7.92803685104793e-09,6.7940889604441004e-09,2.0997742737678766e-09,6.7940889604441004e-09,7.92803685104793e-09
74.076,1.0370762354430234e-13,2.0997962899004136e-09,7.928636817754134e-09,6.837328848949456e-09,2.0997962899004136e-09,6.837328848949456e-09,7.928636817754134e-09
74.905,1.0535731831673534e-13,2.0998163424462416e-09,7.929210215388905e-09,6.880628629761353e-09,2.0998163424462416e-09,6.880628629761353e-09,7.929210215388905e-09
75.744,9.35863077907279e-14,2.0998346279303767e-09,7.929759267328553e-09,6.924085900462285e-09,2.0998346279303767e-09,6.924085900462285e-09,7.929759267328553e-09
76.593,9.252635897558982e-14,2.09985127887578e-09,7.930284696949006e-09,6.967692574435048e-09,2.09985127887578e-09,6.967692574435048e-09,7.930284696949006e-09
77.451,9.274950609456624e-14,2.099866403655034e-09,7.93078665889361e-09,7.011389940000993e-09,2.099866403655034e-09,7.011389940000993e-09,7.93078665889361e-09
78.318,8.415834201397316e-14,2.0998801251954574e-09,7.931265968904997e-09,7.0551713826545596e-09,2.0998801251954574e-09,7.0551713826545596e-09,7.931265968904997e-09
79.195,8.100240418844916e-14,2.099892571780099e-09,7.931723937362224e-09,7.099080223636005e-09,2.099892571780099e-09,7.099080223636005e-09,7.931723937362224e-09
80.082,7.700328903479275e-14,2.0999038463048214e-09,7.932161268262441e-09,7.143108728895083e-09,2.0999038463048214e-09,7.143108728895083e-09,7.932161268262441e-09
80.979,7.485470106064813e-14,2.0999140450860236e-09,7.932578659458987e-09,7.1872492556347355e-09,2.0999140450860236e-09,7.1872492556347355e-09,7.932578659458987e-09
81.886,7.235943809809369e-14,2.099923258095453e-09,7.932976801331966e-09,7.231494253014063e-09,2.099923258095453e-09,7.231494253014063e-09,7.932976801331966e-09
82.804,6.892217551186009e-14,2.099931577761046e-09,7.933356777424172e-09,7.275884405775076e-09,2.099931577761046e-09,7.275884405775076e-09,7.933356777424172e-09
83.731,6.882654103229877e-14,2.0999390640749742e-09,7.93371843279752e-09,7.320315638545814e-09,2.0999390640749742e-09,7.320315638545814e-09,7.93371843279752e-09
84.669,6.43333144009088e-14,2.0999458058535956e-09,7.934063211484693e-09,7.364876543813833e-09,2.0999458058535956e-09,7.364876543813833e-09,7.934063211484693e-09
85.617,6.251785319723615e-14,2.0999518619510585e-09,7.934391364540551e-09,7.409511805435153e-09,2.0999518619510585e-09,7.409511805435153e-09,7.934391364540551e-09
86.576,6.174958954476011e-14,2.099957300043449e-09,7.934703848303056e-09,7.454260797316461e-09,2.099957300043449e-09,7.454260797316461e-09,7.934703848303056e-09
87.546,5.815771788323572e-14,2.0999621758456434e-09,7.935001233522735e-09,7.499115277695075e-09,2.0999621758456434e-09,7.499115277695075e-09,7.935001233522735e-09
88.526,5.6572576384506604e-14,2.0999665367472914e-09,7.93528380343803e-09,7.544021494440833e-09,2.0999665367472914e-09,7.544021494440833e-09,7.93528380343803e-09
89.518,5.68682463171504e-14,2.0999704392371468e-09,7.935552687860334e-09,7.589063058553187e-09,2.0999704392371468e-09,7.589063058553187e-09,7.935552687860334e-09
90.521,5.412034893775477e-14,2.099973922499241e-09,7.935808133658618e-09,7.63418600828691e-09,2.099973922499241e-09,7.63418600828691e-09,7.935808133658618e-09
91.534,5.301019202084695e-14,2.099977024052619e-09,7.936050442781618e-09,7.679338154160232e-09,2.099977024052619e-09,7.679338154160232e-09,7.936050442781618e-09
92.56,5.558355647504315e-14,2.0999797895882925e-09,7.936280833045163e-09,7.72464487591515e-09,2.0999797895882925e-09,7.72464487591515e-09,7.936280833045163e-09
93.596,5.2904197139333134e-14,2.099982244454269e-09,7.936499120047519e-09,7.76996546513279e-09,2.099982244454269e-09,7.76996546513279e-09,7.936499120047519e-09
94.645,4.908678749684326e-14,2.099984426466504e-09,7.93670641686769e-09,7.815423042488408e-09,2.099984426466504e-09,7.815423042488408e-09,7.93670641686769e-09
95.705,4.776065604692611e-14,2.0999863590963166e-09,7.936902778890924e-09,7.86092231544431e-09,2.0999863590963166e-09,7.86092231544431e-09,7.936902778890924e-09
96.777,4.8357574590188094e-14,2.0999880698011662e-09,7.937088851299995e-09,7.906498316081349e-09,2.0999880698011662e-09,7.906498316081349e-09,7.937088851299995e-09
97.861,4.294147523103127e-14,2.099989581605949e-09,7.937265065763805e-09,7.952142653488281e-09,2.099989581605949e-09,7.937265065763805e-09,7.952142653488281e-09
98.957,4.236288662968521e-14,2.0999909154705834e-09,7.937431843972035e-09,7.997847054531363e-09,2.0999909154705834e-09,7.937431843972035e-09,7.997847054531363e-09
100.07,4.0925181620279827e-14,2.099992095376016e-09,7.937590285495457e-09,8.043808833794129e-09,2.099992095376016e-09,7.937590285495457e-09,8.043808833794129e-09
101.19,3.265837781619892e-14,2.0999931280500416e-09,7.937739369489246e-09,8.0896070042077e-09,2.0999931280500416e-09,7.937739369489246e-09,8.0896070042077e-09
102.32,3.280979907550436e-14,2.0999940332767783e-09,7.937879980509012e-09,8.13536055928552e-09,2.0999940332767783e-09,7.937879980509012e-09,8.13536055928552e-09
103.47,3.1951479621441395e-14,2.0999948321956766e-09,7.9380136674861e-09,8.181463000260219e-09,2.0999948321956766e-09,7.9380136674861e-09,8.181463000260219e-09
104.62,3.802108125760068e-14,2.0999955241427274e-09,7.938138517544382e-09,8.227107250123113e-09,2.0999955241427274e-09,7.938138517544382e-09,8.227107250123113e-09
105.8,2.904339448878053e-14,2.0999961379508804e-09,7.938258082079998e-09,8.273472917318802e-09,2.0999961379508804e-09,7.938258082079998e-09,8.273472917318802e-09
106.98,1.5491191780943278e-14,2.0999966675828794e-09,7.938369602623534e-09,8.319370205641778e-09,2.0999966675828794e-09,7.938369602623534e-09,8.319370205641778e-09
108.18,1.3764192470864871e-14,2.099997131762004e-09,7.938475349477784e-09,8.365572144200501e-09,2.099997131762004e-09,7.938475349477784e-09,8.365572144200501e-09
109.39,1.3026213070249915e-14,2.0999975343686445e-09,7.938574710297902e-09,8.411683000994651e-09,2.0999975343686445e-09,7.938574710297902e-09,8.411683000994651e-09
